,id,created_at,full_text,favorite_count,retweet_count
0,1644820236749635591,2023-04-08 21:51:18+00:00,@MarioThael Muito obrigado!!! Quem editou foi o @Rodrigoholter - trilha foi ele que escolheu com um pitaco meu haha,4,1
1,1644800548812587008,2023-04-08 20:33:04+00:00,@V_JuniorR Valeu,1,0
2,1644800516403126274,2023-04-08 20:32:56+00:00,@vinossauro Sim e sim 😀,3,0
3,1644800453090091011,2023-04-08 20:32:41+00:00,@vsouzaduart Muito obrigado!!!,1,0
4,1644789241619120133,2023-04-08 19:48:08+00:00,"Acabei de publicar no canal minha crítica ao filme do Mario! Primeira vez que faço um vídeo de crítica / análise de um filme... mas não tinha como eu não fazer esse vídeo, né?

Eu particularmente curti muito o filme, espero que ele faça muito sucesso (como já tá fazendo)! https://t.co/lwEcfSPRFu",751,21
5,1644526518608220167,2023-04-08 02:24:10+00:00,@SaikoMene @PaiTroll_ https://t.co/4GLT4IYOUW,283,1
6,1644472004165206025,2023-04-07 22:47:33+00:00,"@SaikoMene @PaiTroll_ Sim, mas com você ninguém se importa, né?",1732,34
7,1644341152206794753,2023-04-07 14:07:35+00:00,@andr3huayra Hahahaha vou assistir hoje e ainda hoje elaborar e gravar meu vídeo!,67,0
8,1644340895070711809,2023-04-07 14:06:34+00:00,"Mega feliz de ter sido reconhecido pelo YouTube como um criador de Mario! Apareci no vídeo especial de 100 bilhões de views do Mario... foi por um instantezinho, mas o suficiente pra me deixar super satisfeito com o reconhecimento! @PaiTroll_ apareceu lá também com mais destaque! https://t.co/UTFtBsJy0Y",3729,67
9,1644096545598455812,2023-04-06 21:55:36+00:00,Vídeo novo no canal... Nintendo 3DS como você nunca viu!!! Bora lá conferir! https://t.co/7D3k9gS5Di,208,3
10,1643631986613923844,2023-04-05 15:09:37+00:00,@RawFury Aqui algumas imagens do game já com a tradução! https://t.co/qQjq0sFb15,119,3
11,1643631642504724480,2023-04-05 15:08:15+00:00,"Galera, recebi com exclusividade uma notícia bem bacana: o jogo Cassette Beasts, da @RawFury, que envolve capturar e colecionar monstros, vai ser traduzido pra Português! E a demo do game na Steam foi atualizada e já tá com a tradução pra PT-BR! https://t.co/1sfdtOvlra",314,14
12,1642578149794824194,2023-04-02 17:22:03+00:00,"Fiz um vídeo apresentando Dredge, um jogo bastante cativante! Recomendo! https://t.co/yHIX1VZn6w",178,5
13,1642183373324951552,2023-04-01 15:13:21+00:00,@Marllonblack6 Uso a Avermedia GC573 e não tenho do que reclamar!,1,0
14,1641448150891380739,2023-03-30 14:31:50+00:00,"@leonnardoMarqu2 @stokin_ @S4NDM4N25 TWD Survival Instinct eu joguei quando saiu e lembro de pensar ""que jogo fraco... mas ainda assim divertido"". Lembro do jogo ter vários cenários repetidos, ser bem tosco, mas eu curti. Talvez hoje eu pense diferente se jogar de novo, claro.",3,1
15,1641447647587483650,2023-03-30 14:29:50+00:00,"@hagazo Eu tenho a percepção de quem mais reclama é justamente quem é acomodado e não faz a menor ideia do esforço e dedicação que são necessários pra fazer algo acontecer. Críticas precisam sim serem feitas, mas frequentemente falta bom senso em muita gente acomodada.",80,1
16,1638919137794617344,2023-03-23 15:02:26+00:00,Finalmente... aqui o meu vídeo falando sobre Resident Evil 4! Tem uma retrospectiva da franquia e conto o que achei do jogo: https://t.co/JSNRmoviGV https://t.co/oC3300epXO,349,7
17,1638742031546580992,2023-03-23 03:18:41+00:00,"@nilmoretto @CdNLeon Sou cordial, não quis ficar na frente… já o Leon… perdeu sempre na vida, deixa ele ficar na frente ao menos em morte",1040,2
18,1638669981737967616,2023-03-22 22:32:23+00:00,Nintendo Wii U como você NUNCA viu: https://t.co/FrN12xHysF https://t.co/FXKMDJ9qhE,164,4
19,1638332229699944449,2023-03-22 00:10:16+00:00,@SDLoko1 @MaxMRM_Gameplay @xXOverman Parabéns!!!,13,0
20,1637240954712125443,2023-03-18 23:53:56+00:00,Só li verdades https://t.co/pGD1Cxffos,1297,59
21,1636772298412769292,2023-03-17 16:51:40+00:00,@MaxMRM_Gameplay E eu otário sem publicar meu vídeo que já tá pronto porque prefiro esperar pra não ter as restrições 🤡,151,0
22,1636733434780368896,2023-03-17 14:17:14+00:00,"Pessoal, optei por esperar mais pra publicar meu vídeo sobre Resident Evil 4 Remake. O embargo de hoje tem muitas restrições do que pode ou não ser mostrado e eu teria que abrir mão de qualidade e de elementos importantes se fosse publicar o vídeo (que já tá pronto) hoje!",3241,18
23,1636054888877551617,2023-03-15 17:20:56+00:00,@BandaiNamcoBR https://t.co/JKwdeJCWPc,60,2
24,1635661098836697094,2023-03-14 15:16:09+00:00,"@carmeloelectron Nice! I'll likely replay the game on PC... I absolutely loved my experience with the game, it was amazing!",23,0
25,1634599462139043842,2023-03-11 16:57:35+00:00,@VitorIssui Hahaha valeu pelo feedback hehe,0,0
26,1634569487532924928,2023-03-11 14:58:29+00:00,"Vídeo apresentando um jogo que é BRILHANTE, realmente muito bom: https://t.co/Kb1F6s1YN5 https://t.co/3cMuPuitwS",145,11
27,1633981108848058369,2023-03-10 00:00:28+00:00,Gameplay da demo do RESIDENT EVIL 4: https://t.co/T5gnBAiwDp https://t.co/ofF6YBkczi,283,4
28,1633910950490251264,2023-03-09 19:21:41+00:00,@catupiry @FeCastanhari São aqueles dois mesmo! O que simula o logo da Nintendo e o meu próprio logo!,1,0
29,1631461420389871622,2023-03-03 01:08:08+00:00,"@jpegtomas Vi o episódio 1 e achei bem fraco em relação ao jogo e daí nem segui assistindo. Preciso alguma hora parar pra ver o resto mas tô mais focado agora no Drive to Survive, no Like a Dragon Ishin e nos meus estudos.",352,2
30,1630735373553876994,2023-03-01 01:03:05+00:00,"@joga_dan Aqui vive aparecendo isso. Vou ver se desabilito. Tô no capítulo 11 no Like a Dragon Ishin, se eu perco meu save eu literalmente choro.",25,0
31,1630382306627035136,2023-02-28 01:40:07+00:00,@felippe_sm @Gabrielmota021 Aquele deu um trabalhão!!!,2,0
32,1630283449817870336,2023-02-27 19:07:18+00:00,@Gabrielmota021 Muito obrigado,42,0
33,1629999607672369153,2023-02-27 00:19:25+00:00,@DaniBautistaR @Vocetubeia Pena que nessa época eu não tinha nem um GameCube e muito menos dinheiro 🫠,8,0
34,1629510280337145856,2023-02-25 15:55:00+00:00,"@Foontsl @luccaamericano Devia mesmo, mas como eu disse, eu não me expressei bem e não tenho como voltar no tempo infelizmente! E nos vídeos eu tento ser bem conciso nas cutscenes pois posso ser interrompido a qualquer momento e gosto também de deixar as cenas fluir, daí economizei palavras mas não rolou",18,0
35,1629509985746014208,2023-02-25 15:53:50+00:00,@luccaamericano De forma alguma hehe valeu!,5,0
36,1629503396884389892,2023-02-25 15:27:39+00:00,@guisarda Tô até hoje no aguardo do 2011.,31,0
37,1629502578605137922,2023-02-25 15:24:24+00:00,@luccaamericano USSR venceu e seguiu como líder mundial depois disso foi o que eu quis dizer. Obviamente não me expressei bem mas é isso. Literalmente só isso.,157,0
38,1628840954487615489,2023-02-23 19:35:20+00:00,"@DaniloAlvesPark @HolodeckDesign Não, digo por como que no jogo a USRR foi dominante na vitória e seguiu líder. Eu me expressei mal mesmo hehe",22,1
39,1628390032753979393,2023-02-22 13:43:32+00:00,@coostaesilva @RGGStudio Estão unificando agora pro nome japonês. O próximo Yakuza principal vai ser Like a Dragon 8.,2,0
40,1628188260739559426,2023-02-22 00:21:46+00:00,Tenho jogado Like a Dragon Ishin por aqui e o jogo tá fenomenal... é dos criadores de Yakuza - @RGGStudio - mas se passa no Japão no século 19! Gameplay bem estilo Yakuza (tirando o Like a Dragon)! https://t.co/oIrgh3homJ,331,5
41,1628095774427865088,2023-02-21 18:14:15+00:00,@MichellGui Já sim!!!,7,0
42,1628077206831341568,2023-02-21 17:00:28+00:00,Sugestões do que assistir depois de terminar Superstore? https://t.co/vsLGrjvIPd,147,1
43,1627655722531016705,2023-02-20 13:05:39+00:00,Início de gameplay de Atomic Heart: https://t.co/GPL9VwyPc8 https://t.co/gGQ7QI0PaK,339,10
44,1626575244436598784,2023-02-17 13:32:13+00:00,@Dia_Planinauta https://t.co/lArzV4WkO6,67,0
45,1625588071105466368,2023-02-14 20:09:32+00:00,@daniel_amora Trilha sonora!,2,0
46,1625575771531100160,2023-02-14 19:20:40+00:00,"Esse vídeo aqui foi 100% feito no amor mesmo, que tô ligado que não vai monetizar nem despertar interesse de muita gente… mas eu curto demais a franquia e fiz questão de tentar apresentar o game mais mais gente ❤️ https://t.co/MjQY4RFdV8",210,3
47,1625572266909093889,2023-02-14 19:06:44+00:00,Vídeo super especial falando sobre uma das minhas franquias favoritas: https://t.co/y6lzbYg34U https://t.co/xxsPpR3zTa,130,2
48,1625507207646248962,2023-02-14 14:48:13+00:00,@theuslino @pdrfs_ Muitíssimo obrigado 😃,1,0
49,1625307674534375427,2023-02-14 01:35:21+00:00,@pdrfs_ Muito obrigado ❤️❤️❤️,1,0
50,1625301037564235776,2023-02-14 01:08:58+00:00,"@pdrfs_ Pretendo deixar as séries pra jogos bem específicos (por uma série de motivos, com o lado financeiro tendo zero influência, pra deixar claro hehe)…

Depois dá uma olhada nos vídeos “Minha Jornada” que tão bem legais na minha nada humilde opinião!

Valeu!",95,0
51,1624086001957105664,2023-02-10 16:40:51+00:00,"Curioso que a Nintendo tem tempo e verba pra ter um stand gigante na BGS onde promete que está focada no jogador brasileiro…

Daí vai, não traduz seu maior lançamento de 2023 pra Português e ainda cobra uma fortuna pelo jogo!

🤡🫠 https://t.co/Nd0hD19nTA",2620,119
52,1623382619026079746,2023-02-08 18:05:52+00:00,"@eututsi @_s4rtori Opa, valeu por curtir meu trabalho, mas eu não vou jogar Hogwarts Legacy",7,1
53,1622942622334562306,2023-02-07 12:57:28+00:00,@RobertoLeal_RF Não vou jogar Hogwarts Legacy não!,2,0
54,1622685464439230486,2023-02-06 19:55:37+00:00,"@osunkido Opa, não vai não! Optei por não cobrir Hogwarts Legacy no canal!",7,0
55,1621896579052339201,2023-02-04 15:40:52+00:00,@DawnOfGabe Valeu!!!,58,0
56,1621562762563403777,2023-02-03 17:34:24+00:00,@SAVE_RAL @SEGA https://t.co/ZaWMuxOQyu,22,1
57,1621313581907075073,2023-02-03 01:04:15+00:00,@DougurasMilk @oKakaVieira Hahaha eu já to falando com amigo meu pra fazer um controle arcade customizado pro jogo 🤣,1,0
58,1621254045192028165,2023-02-02 21:07:40+00:00,"@DougurasMilk @oKakaVieira Provavelmente sim. Eu toco bateria é definitivamente nas partes mais complicadas eu aplico técnicas de bateria (double rolls, 4-stroke roll, etc).",1,0
59,1621249663746674692,2023-02-02 20:50:15+00:00,@oKakaVieira O Curtain Call já deixava usar botões e funcionava bem hehe eu tô amando o jogo! Mas sou viciado desde o primeiro hehe,1,0
60,1620880428843532288,2023-02-01 20:23:03+00:00,@igor_nogas Não! Os toques você pode fazer com qualquer botão. E as seguradas de botão também. E os slides com os analógicos!,1,0
61,1620879212575064064,2023-02-01 20:18:13+00:00,@igor_nogas Antes eu usava o botão A pras batidas e analógico esquerdo pros slides. Mas agora tô usando L e R pras batidas e os dedões ficam direto nos analógicos pros slides. Tá tenso hehe,1,0
62,1620873590655827968,2023-02-01 19:55:53+00:00,"@igor_nogas Sim, mas dá cãibra no cérebro",1,0
63,1620869891204190209,2023-02-01 19:41:11+00:00,"A dificuldade suprema no Theatrhythm Final Bar Line tá bizarra, mas o jogo tá fenomenal... recomendo muito testar a demo... eu amo a série desde o primeiro game no 3DS! https://t.co/M9woktarxn",205,2
64,1620790137851621377,2023-02-01 14:24:16+00:00,Vídeo contando minha jornada no jogo com mais de 80 finais: https://t.co/udxXPNZTQa https://t.co/6Ma4z9OLeM,178,4
65,1619461981802762240,2023-01-28 22:26:39+00:00,Existe trilha sonora de games mais bonita que as de Ori and the Blind Forest e Ori and the Will of the Wisps? https://t.co/bbUpC7HO4i,1754,53
66,1618392193701646336,2023-01-25 23:35:41+00:00,"@reAndre_MT Vale muito a pena jogar, o jogo é uma delícia do início ao fim. Tem um baita de um ritmo (hehe) de gameplay. E tem umas batalhas especiais maravilhosas.",12,0
67,1618387836281171968,2023-01-25 23:18:23+00:00,Passei os últimos dias jogando Hi-Fi Rush... achei o jogo INCRÍVEL! Segue meu vídeo falando dele: https://t.co/otkAPaMqNf https://t.co/uhdCWe52HA,546,29
68,1617536570562863106,2023-01-23 14:55:45+00:00,"Já joguei e zerei Forspoken... recebi o game da SquareEnix em antecipado... seguem meus conteúdos do game:

- Início de Gameplay: https://t.co/9z349k0wfr
- O Que É... Forspoken / Análise: https://t.co/g6t9VfTYfZ https://t.co/2VL2YQXQNE",291,8
69,1617170558449221633,2023-01-22 14:41:21+00:00,@Jonatastrom Fora que eu comecei em 2010 também né,123,0
70,1617012254976638977,2023-01-22 04:12:18+00:00,@fcvoltanmarzin 🫠,26,0
71,1617010534238265347,2023-01-22 04:05:28+00:00,Story do Alan 🫠 https://t.co/0FjWgzhk82,3570,33
72,1616947190361907201,2023-01-21 23:53:46+00:00,@Danielsmarconn @aziebert,99,0
73,1616513437387087872,2023-01-20 19:10:11+00:00,@brunofreex Eu percebo como nosso cérebro é algo estranho quando leio isso e lembro do número do meu ICQ 🤡,42,0
74,1616475289349156868,2023-01-20 16:38:36+00:00,https://t.co/DmcPGUR6N7,55874,3723
75,1615495345173143553,2023-01-17 23:44:39+00:00,"@guicalvaokkj Opa, muito obrigado",186,1
76,1615047706849988608,2023-01-16 18:05:54+00:00,@HenriqueNavarr0 @SrWilsonCCA Mas dele eu não gosto né então eu ignoro https://t.co/htxv3PgWGn,13,0
77,1615012488801656832,2023-01-16 15:45:57+00:00,Que parada incrível. Melhor pista do Mario Kart Double Dash recriada no Halo Infinite! https://t.co/Jl6a56OVbn,444,6
78,1614423968282447872,2023-01-15 00:47:23+00:00,@Marllonblack6 Muito obrigado!!!,3,0
79,1614416175299194881,2023-01-15 00:16:25+00:00,"@henriqueherold Me surpreende não ter saído nada de beat’em up atualizado. Algo tipo um jogo de luta só que em formato de briga de rua. Que nem o Tekken arriscou no Tekken 3, ou no modo quest do Tobal. Mas nos padrões de hoje!",1,0
80,1614409037503942656,2023-01-14 23:48:03+00:00,"Rola de escolher a ordem que quiser pra passar das fases, quando a gente passa de fase fica com o poder do boss... e existem segredos nas fases que a gente pode instalar na armadura pra melhorar os atributos!

O jogo é curtinho, eu zerei em 1h30 mais ou menos! 

Recomendo!",114,2
81,1614408579317989376,2023-01-14 23:46:14+00:00,"Ontem zerei Vengeful Guardian: Moonrider... é um jogo brasileiro que me lembrou demais uma mistura de Ninja Gaiden com Mega Man X! 

A gente controla um ciborgue que se rebelou contra seus próprios criadores, pode fazer as fases na ordem que quiser. Bem divertido! https://t.co/28bokQ5sn2",386,5
82,1613907693177036801,2023-01-13 14:35:53+00:00,"@MaxMRM_Gameplay @aziebert Sim, gênio. Imagina gravar o gameplay olhando pra lente e não pro monitor!",95,0
83,1613552341302517760,2023-01-12 15:03:51+00:00,Vídeo contando como faço pra me organizar pra zerar mais jogos ao longo do ano: https://t.co/4REFEawsPV https://t.co/sIJdsvwWzt,233,5
84,1612946378472267776,2023-01-10 22:55:58+00:00,"@StrixFX não, eu tinha entendido hahaha de boa",1,0
85,1612886266026070036,2023-01-10 18:57:06+00:00,"@StrixFX aqui tá seguindo ainda normal, e mostra você seguindo também!",43,0
86,1611823233220632579,2023-01-07 20:32:59+00:00,@zenkty Vi recentemente um pra vender mas é bizarro de caro hehe,48,0
87,1611462180783919105,2023-01-06 20:38:18+00:00,@dinotv Eu prefiro esse aqui do japonês: 読んでいる人のお尻を食べた,972,48
88,1611429516076896256,2023-01-06 18:28:30+00:00,@RonniePedra Valeu por arruinar minha infância https://t.co/jfEN9fvLP9,29,0
89,1611408441817317379,2023-01-06 17:04:45+00:00,O sistema de sugestões de respostas do YouTube… 🤣 https://t.co/Azl0eV3weS,2733,21
90,1611398093122985986,2023-01-06 16:23:38+00:00,@Vini_Novais Se fizesse a curva no último momento possível o goleiro frangava legal,1,0
91,1611375842944512001,2023-01-06 14:55:13+00:00,International Superstar Soccer 98 - Nintendo 64 https://t.co/CjeJzNIV7p,745,15
92,1611158323725848576,2023-01-06 00:30:52+00:00,"@diegogc @bobmaxbr @Velberan @rodrigocoelhoc O meu é black label e assim também, continuando a imagem do manual",4,0
93,1611010955034660865,2023-01-05 14:45:17+00:00,Resident Evil Deadly Silence - Nintendo DS https://t.co/Lswo1uyiqB,875,10
94,1610717644839174166,2023-01-04 19:19:46+00:00,@DeivideSpike Esses arrependimentos sempre vão existir hehe me arrependo de não ter comprado Guardian Heroes quando vi já há uns bons anos por 65 dólares canadenses. Vai ver o preço hoje em dia…,3,0
95,1610700684613107725,2023-01-04 18:12:23+00:00,@Velberan https://t.co/wQJJjnhA8C,568,5
96,1610657149398712320,2023-01-04 15:19:23+00:00,Zelda Ocarina of Time - Nintendo 64 https://t.co/J5Z05GouOx,1791,52
97,1610349487846834180,2023-01-03 18:56:51+00:00,"@rkyncl Robert, I really hope you can show Warner how awful their copyright policies are on YouTube. The company would benefit so much with exposure on the platform but a lot of creators simply opt not to cover Warner content because of the company’s awful ContentID policies. Thanks!",98,1
98,1610317498427244544,2023-01-03 16:49:44+00:00,@RoderikSantos Magina! Doideira mesmo hahaha,1,0
99,1610314930129108992,2023-01-03 16:39:32+00:00,@RoderikSantos https://t.co/iWrykuXyiE,3,0
100,1610288682862530561,2023-01-03 14:55:14+00:00,Star Wars Rebel Assault 2 - PC https://t.co/e1ruUh1lOi,440,6
101,1610066553348755458,2023-01-03 00:12:34+00:00,"@pdrfs_ Opa, parabéns!!!",501,2
102,1609923793505628164,2023-01-02 14:45:17+00:00,Star Ocean The Second Story - PS1 https://t.co/C9vJDT9Isa,545,5
103,1609578797543612417,2023-01-01 15:54:24+00:00,"@BrunoTessaro Gostoso? Gostoso é você, né",11,0
104,1609412861725650944,2023-01-01 04:55:02+00:00,@Velberan @nakayuji https://t.co/qVitXp3yzw,171,1
105,1609380135521632256,2023-01-01 02:44:59+00:00,@5Xpixels That’s my favourite on the Retrotink! Which one on the MiSTer would you recommend? Right now I’m trying the JVC on Star Ocean 2! Thanks!,30,0
106,1608216378724466688,2022-12-28 21:40:38+00:00,@diegogigaton @GamesCareBr,61,0
107,1607908163931762689,2022-12-28 01:15:54+00:00,@GabsYTOficial @juhscramocin @maximuseditor Esse aí eu não aceitava não 🫠,61,0
108,1607907761542811648,2022-12-28 01:14:18+00:00,@ViuvasDoMame Viu que tem um doido fazendo Symphony of the Night pro Mega Drive também?,26,0
109,1607808107903700992,2022-12-27 18:38:19+00:00,"@TocaDoFoxy @GabsYTOficial Opa, muitíssimo obrigado!!! Sim, dá um trabalhão hahaha mas é bem satisfatório de produzir!",46,0
110,1607431083481759745,2022-12-26 17:40:09+00:00,Persona 4 Golden - PS Vita https://t.co/z2JxzOh9vy,706,12
111,1607170128902488068,2022-12-26 00:23:13+00:00,@andreponce https://t.co/LsHVPqCAmE,3,0
112,1607096797528481793,2022-12-25 19:31:49+00:00,"@cristianhampel Na real eu ganhei mesmo 🤣 eu acho que em evento não é assim inclusive, não me lembro de ter visto personalizado ao menos nos eventos em que fui",2,0
113,1606804136133070850,2022-12-25 00:08:53+00:00,@tantiago007 Acertou,11,0
114,1606793484769366017,2022-12-24 23:26:34+00:00,https://t.co/773xhwdlCF,3292,23
115,1606718775797104641,2022-12-24 18:29:42+00:00,"@ViuvasDoMame @mao_luva Cuidado com SCART que SCART mal feito pode dar ruim, fora que existe também aquele cabo JP21 que é igual SCART mas com sinal diferente! Vai saber o que tá rolando com esse switch!",1,0
116,1606685432590344194,2022-12-24 16:17:12+00:00,"@saikocat happy birthday! You’re one of the most special people that I’ve ever worked with, I hope you have an amazing day!",7,0
117,1606404195376144390,2022-12-23 21:39:40+00:00,Friozinho básico… nada como aquele ventinho no rosto a -15 🤡 https://t.co/mvYL6sFXfr,1291,8
118,1606367448596348950,2022-12-23 19:13:39+00:00,@TheHashtag0nist @jasonschreier Wait till you guys play The Machine for the Game Boy 😬,2,0
119,1606367194866122759,2022-12-23 19:12:38+00:00,@rodrigocoelhoc @M4Ximizando 🤣🤣🤣,12,0
120,1606345133296742401,2022-12-23 17:44:58+00:00,@peterjordan100 https://t.co/Aizg8V33gd,191,2
121,1606308697176694784,2022-12-23 15:20:11+00:00,Vídeo contando TODOS os jogos que zerei em 2022: https://t.co/rdvSWHtx1a https://t.co/ywiVknnkQO,293,11
122,1606281627813892099,2022-12-23 13:32:37+00:00,@TheHashtag0nist The 2013 one was surely worse. Do you remember the Christmas Eve blackout? 😬,16,0
123,1606129483668299778,2022-12-23 03:28:04+00:00,@peterjordan100 Você,2679,25
124,1606099458898464769,2022-12-23 01:28:45+00:00,@onorathi Eeeeita hahaha que doideira,27,0
125,1606098833196208128,2022-12-23 01:26:16+00:00,Comemorando 10 anos de casamento ❤️ https://t.co/b7NyZS3np7,12289,138
126,1605943915986780171,2022-12-22 15:10:41+00:00,@Luangameplay666 https://t.co/TEvSOTtrnz,373,10
127,1605935033012854786,2022-12-22 14:35:23+00:00,"Presente de Natal da Wizards of the Coast! 

@Wizards_MagicBR @carolgsmoraes https://t.co/fn1oRhXez0",353,1
128,1605920874141556739,2022-12-22 13:39:07+00:00,@rodrigocoelhoc @diconx Eu tinha visto! Mas agora que tô com o MiSTer não me vejo pegando algo assim pra fazer capturas! Só que é incrível desenvolverem algo assim né hehe,19,0
129,1605637495512829953,2022-12-21 18:53:04+00:00,@Voultar Send it to me so I can check it’s real https://t.co/jsMb4cYAYm,62,0
130,1605583921143418881,2022-12-21 15:20:11+00:00,Silent Hill - PS1 https://t.co/cZSrSkedEP,1322,25
131,1605219010504581120,2022-12-20 15:10:10+00:00,Black - Xbox https://t.co/Pq3sMM8Bre,1981,21
132,1604989185454387201,2022-12-19 23:56:55+00:00,Ornamento de Natal do Mega Drive com fita do Sonic! https://t.co/bpEizUzoag,991,14
133,1604971170167934976,2022-12-19 22:45:20+00:00,@matheusjoyboy https://t.co/Mzzk88bWot,417,1
134,1604864193651527680,2022-12-19 15:40:15+00:00,@Feanor_RPG Dropei esse jogo por causa do sistema estúpido de XP. O jogo é inflado demais só forçando o jogador a farmar XP pra dar dano em inimigos obrigatórios e chefes.,43,0
135,1604859830917042176,2022-12-19 15:22:55+00:00,@daavif Tá tudo muito caro. Eu paguei 20 dólares nesse aí novo há uns 7 anos.,5,0
136,1604859711601446912,2022-12-19 15:22:26+00:00,"@Tarcisiosk Então, o problema dessas é o loading 😬",4,0
137,1604856576887902210,2022-12-19 15:09:59+00:00,Chrono Trigger - Nintendo DS https://t.co/SkkFiJNsHF,1535,30
138,1604534381694967808,2022-12-18 17:49:42+00:00,"Como o jogo tá ruim recomendo mais assistir meu vídeo novo: Minha Jornada em... GOD OF WAR!!!
https://t.co/S3syaCgzIA https://t.co/owjIhrhBvn",580,2
139,1604531128727408640,2022-12-18 17:36:46+00:00,Imagina ser francês ou argentino vendo esse jogo. Eu que não sou tô nervoso aqui 😬,723,25
140,1604517932985614348,2022-12-18 16:44:20+00:00,https://t.co/q9h1TD8olD,290,20
141,1604165260918800390,2022-12-17 17:22:56+00:00,"@loolfii Sim, toda caixinha é assim basicamente... as que me lembro que são diferentes são as de jogos com mais de um disco!",8,0
142,1604164235151298561,2022-12-17 17:18:52+00:00,God of War - PS2 https://t.co/44LFn7FWv9 https://t.co/uMsaM1NeIl,892,15
143,1604163507129561088,2022-12-17 17:15:58+00:00,Especial de 1h sobre a minha experiência zerando novamente o primeiro GOD OF WAR: https://t.co/S3syaCyIWI https://t.co/KM4dDgxhRp,399,14
144,1603762887935545344,2022-12-16 14:44:03+00:00,@Casimiro @VascodaGama https://t.co/0obSosdsxb,725,1
145,1603730280472539137,2022-12-16 12:34:29+00:00,Soul Calibur - Dreamcast https://t.co/5fIOZmnKFc,378,5
146,1603568458981146626,2022-12-16 01:51:28+00:00,@guisarda https://t.co/XDKcqNDWj0,27,0
147,1603551699515359234,2022-12-16 00:44:52+00:00,@guilhermeoss Parabéns!!!,151,0
148,1603454291137773582,2022-12-15 18:17:48+00:00,@alesantos86_ Muito obrigado,15,0
149,1603443950534422533,2022-12-15 17:36:43+00:00,@BlueAlfa4 Esse aí é o original,2,0
150,1603434556656427011,2022-12-15 16:59:23+00:00,@guisarda Vai no histórico e remove os vídeos do histórico,120,3
151,1603421383459049474,2022-12-15 16:07:02+00:00,Crisis Core: Final Fantasy VII - PSP https://t.co/o4zj7lwNa7,411,4
152,1603199565901238272,2022-12-15 01:25:37+00:00,@EllenMiura11 Não só eles né... a maioria das seleções parece que é incapaz de dar um chute decente de fora da área... a maioria tenta ir com a bola até a pequena área e ainda assim perde chances!,5,0
153,1603120861153738755,2022-12-14 20:12:52+00:00,"Copa 2022 mostrando o quão ruim é a geração atual em finalização. Os caras erram de dentro da pequena área, de dentro da grande área, da intermediária…",440,18
154,1603103939146256385,2022-12-14 19:05:37+00:00,Posso afirmar que com 4min de jogo só deu Marrocos e tá Marrocos 0x1 França,169,4
155,1603102725989728256,2022-12-14 19:00:48+00:00,23s de jogo é só deu Marrocos até agora,389,11
156,1603086403386019840,2022-12-14 17:55:57+00:00,"Quais foram os jogos de 2022 que mais gostei!!? - Os MELHORES JOGOS de 2022 | BRKsEDU Game Awards
https://t.co/vhXuHtMDmr",123,5
157,1603022017598746624,2022-12-14 13:40:06+00:00,Call of Duty: Modern Warfare 2 https://t.co/gZhTOVi42V,2623,63
158,1602854409033089024,2022-12-14 02:34:05+00:00,@dionataneduardo Muito obrigado!!! Nesse exato momento estou jogando Symphony of the Night hehe,6,0
159,1602832608160882690,2022-12-14 01:07:27+00:00,@MrVanDep Prazer é meu https://t.co/nLHpGH19mc,3,0
160,1602821405783068672,2022-12-14 00:22:56+00:00,"Obrigado a todos que acompanharam meu canal em 2022!

Ano que me marcou bastante por eu ter feito com bastante frequência vídeos mais produzidos e roteirizados!

Ainda tenho alguns especiais pra publicar esse ano inclusive 😃 https://t.co/bfm11luQUZ",822,4
161,1602755472469245953,2022-12-13 20:00:57+00:00,@DansSuperDiobox Hahaha eu tento,1,0
162,1602726363613511680,2022-12-13 18:05:16+00:00,Street Fighter Zero 2 - Saturn https://t.co/43h8gEh6Vx,364,5
163,1602709468541747202,2022-12-13 16:58:08+00:00,@Vinisic331 https://t.co/gfR0U8usfX,17,1
164,1602296265408143362,2022-12-12 13:36:13+00:00,Tomb Raider - Saturn https://t.co/hkca1T5Vze,579,3
165,1602113949960380416,2022-12-12 01:31:46+00:00,@Viciadosdogame Esse não é negociável não hahaha,1,0
166,1602058618513285120,2022-12-11 21:51:54+00:00,@MrVanDep Digo em relação ao algoritmo que também só mostra coisa de futebol.,3,0
167,1602058527631380480,2022-12-11 21:51:32+00:00,@MrVanDep Eu tô aproveitando pra ver vídeo do Van Basten 🙃,42,0
168,1601991008144838659,2022-12-11 17:23:14+00:00,Silent Hill 2 - PS2 https://t.co/obSvdGja6o,1347,59
169,1601682082585284608,2022-12-10 20:55:40+00:00,Já reconheci minha jumência hein https://t.co/aeb8q1HF4D,209,4
170,1601680210230796289,2022-12-10 20:48:14+00:00,Ah era o Roy Keane kkkk https://t.co/q4oJqGtxXE https://t.co/r8jRBECrkJ,330,0
171,1601679917883662336,2022-12-10 20:47:04+00:00,"O @HKane não gosta de brasileiro dançando, né!? https://t.co/qdUK88pDpx",447,17
172,1601679306769723393,2022-12-10 20:44:39+00:00,Que delícia esse cosplay de Baggio,322,10
173,1601658597574078464,2022-12-10 19:22:21+00:00,@DolciMatheus Eu tô falando do futebol em geral. Inclui o Brasil mas tá longe ser algo específico do Brasil.,6,1
174,1601657404479115265,2022-12-10 19:17:37+00:00,Dá gosto ver jogador que sabe chutar de fora da área nessa Copa. Muito melhor que ficarem tentando carregar a bola até a pequena área.,655,18
175,1601609577232887809,2022-12-10 16:07:34+00:00,Super Mario RPG - SNES https://t.co/zsnpRB2F9q,381,1
176,1601607944264523776,2022-12-10 16:01:05+00:00,"@thaleslafayette Ali ele tinha que ir pra frente do atacante, não pra trás...",1,0
177,1601603521232920576,2022-12-10 15:43:30+00:00,Que falha bizarra do goleiro hein,331,1
178,1601353648029970432,2022-12-09 23:10:36+00:00,"Donkey Kong Country… no Japão, Super Donkey Kong! https://t.co/lZATiE6w2l",401,6
179,1601335011093151744,2022-12-09 21:56:32+00:00,Ah não,311,4
180,1601321614922375168,2022-12-09 21:03:18+00:00,Essa felicidade a gente merecia depois de hoje,562,20
181,1601318596013350912,2022-12-09 20:51:19+00:00,A arbitragem nos jogos de hoje tá uma vergonha,583,20
182,1601289279745196034,2022-12-09 18:54:49+00:00,@octaviobuzz Receba um abraço virtual porque também tô e tô precisando de um 😕,81,1
183,1601284495134830593,2022-12-09 18:35:48+00:00,"@thebatqa Eu sinto muito, mano",142,0
184,1601284370945683456,2022-12-09 18:35:19+00:00,@CogumelandoTV Não conseguiria explicar melhor essa situação. É exatamente isso. Tristeza demais nessa derrota. Eu tô desolado aqui. Era a esperança que a gente precisava pro povo.,12,0
185,1601281883274301442,2022-12-09 18:25:26+00:00,"Galera, perdão por torcer pelo meu país de origem e ter empatia e desejar o bem pra quem também é brasileiro, perdão por querer que aqueles que têm uma vida super difícil tenham pelo menos uma felicidade no nosso esporte favorito.

Prometo ser mais egoísta da próxima vez! https://t.co/D2TQTNgTf2",4312,103
186,1601280105300766722,2022-12-09 18:18:22+00:00,E muito obviamente é rivalidade contra Argentina só no futebol. Deixando bem claro pra evitar problemas.,473,3
