,id,created_at,full_text,favorite_count,retweet_count
0,1646187917507801088,2023-04-12 16:25:58+00:00,@spot_desenhador canon,6915,482
1,1644048620897857554,2023-04-06 18:45:10+00:00,"@Little_No_One @OrdemParanormal não é essa! 

essa é a adatapção da primeira temporada em versão física.

a webcomic de Enigma do Medo é algo bem mais simples, que vai ser enviado junto com o lançamento do jogo",1466,28
2,1638136315270053888,2023-03-21 11:11:47+00:00,o personagem de Ordem que eu mais escrevi sobre nos últimos 3 anos nunca foi mencionado até hoje https://t.co/EvazneQCjR,29380,1588
3,1633689544376688641,2023-03-09 04:41:54+00:00,@gabicattuzzo ?????,10137,139
4,1633526191150751745,2023-03-08 17:52:48+00:00,"@makotices Oi, tudo bem? vi sua postagem e algumas das suas respostas aqui e acredito que tem algumas coisas que eu posso pontuar aqui. (logo de cara, foi mal o textão, tentei falar sobre tudo que você mencionou nas respostas)

Assim como qualquer pessoa, o Ordem é um projeto que evolui com… https://t.co/NyHfgXKIzG",10318,743
5,1632048837169758208,2023-03-04 16:02:19+00:00,@TwitchBR ❤️,3704,76
6,1621599043964096514,2023-02-03 19:58:34+00:00,@DickIsANoodle @Mary_MS_Jay sim,961,2
7,1621598387308052481,2023-02-03 19:55:58+00:00,"@Mary_MS_Jay não tem regra específica pra isso no sistema, mas o lore permite sim

as comidas de santo berço eram hipnóticas por maldição de conhecimento (assim como o ambiente)

dá pra usar sangue pra intensificar sentimentos e prazeres pela comida

um café amaldiçoado com morte ia ser zica",11126,265
8,1617287609524387840,2023-01-22 22:26:28+00:00,"@chesscom_pt Obrigado por estarem do lado da verdade. Apenas nós, gênios (acima de 1000 de rating), sabemos como é difícil ser mal interpretado.",6881,271
9,1609382996309839874,2023-01-01 02:56:21+00:00,obrigado por um ano incrivel.,26942,1908
10,1607827559013556224,2022-12-27 19:55:36+00:00,@danramosart ta perdoado porque o filme é bom,920,9
11,1604677296652156930,2022-12-19 03:17:35+00:00,slipknot ao vivo é surreal,14073,561
12,1602997310027452416,2022-12-14 12:01:55+00:00,@Danielsmarconn @bastet_min @luhsetraoficial que porra é essa,2777,72
13,1602446144919031808,2022-12-12 23:31:47+00:00,@sh1nelore @lorenaaorsi @erickjacquin em minha defesa foi antes e depois de comer o ovinho da entrada,3278,80
14,1601755312104824832,2022-12-11 01:46:40+00:00,Obrigado por mais uma história 💚 #SinaisDoOutroLado,22149,2909
15,1601668626750222336,2022-12-10 20:02:12+00:00,NÓS SOMOS TODOS UM https://t.co/TKfpQYU3J2,13655,2257
16,1601645303282937856,2022-12-10 18:29:32+00:00,ansioso. animado.,16231,1196
17,1600905203422826499,2022-12-08 17:28:38+00:00,@Rakin OLA SENHOR BIGODON.,3507,72
18,1600127928544673793,2022-12-06 14:00:01+00:00,"a maior premiação de jogos do mundo está de volta

essa quinta, 08/12 às 19:00 https://t.co/fiuIbqBhXu",9093,1399
19,1599005673232007168,2022-12-03 11:40:35+00:00,Bom. Dia! 😃 Hoje é Sábado…!!!! 😎,18663,1512
20,1598683023976939523,2022-12-02 14:18:29+00:00,@ElSorvete tem sim 😡,6744,135
21,1598423096033157129,2022-12-01 21:05:38+00:00,"@beamom só avisando aqui: minha equipe já aplicou strike em todos os vídeos desse cara que usam trechos do Ordem ou da minha stream

não são poucos.",12812,788
22,1597410723755622400,2022-11-29 02:02:49+00:00,@CanellaMatheus @kaellzor @colattix foda!! a arte ficou irada também,818,3
23,1594177099514142721,2022-11-20 03:53:33+00:00,@SaikoMene o cara voltou depois de 3 anos e ja meteu rola na minha cara,18152,1109
24,1594146126273417217,2022-11-20 01:50:28+00:00,4️⃣ #SinaisDoOutroLado,13194,1288
25,1594059070918782976,2022-11-19 20:04:33+00:00,#SinaisDoOutroLado https://t.co/uEW1jTMlG0,20633,1617
26,1593477782037749764,2022-11-18 05:34:43+00:00,"@lorenaaorsi incrivel a semelhança que eu tenho com o light yagami de death note, além de sermos literalmente iguais... temos o mesmo mindset, ambos somos extremamente frios e estrategistas em nossa forma de pensar e agir... bizarro '-' ele me representa muito, somos dois deuses nesse mundo.",10068,736
27,1591612471194050561,2022-11-13 02:02:38+00:00,@feeeelps รєภtค. คเ. ยคเ ร๏.,8959,752
28,1591202553596821504,2022-11-11 22:53:46+00:00,"@dwthope esses quatro eram claramente só photoshop, os agroglifos não existiam de verdade e não tinha nenhuma evidência real deles além de print de whatsapp",618,17
29,1590449352677302272,2022-11-09 21:00:49+00:00,@lorenaaorsi https://t.co/jC5YQz12Dw,11854,538
30,1590126184121368577,2022-11-08 23:36:40+00:00,o paranornormal nao vem pra nossa realidade de maneira facil,10462,853
31,1590125913098047488,2022-11-08 23:35:35+00:00,ordem paranornormal descontração https://t.co/8pjEWDaIdq,23130,2160
32,1589764865677471744,2022-11-07 23:40:55+00:00,@Guimottaart acho esse design irado,2227,24
33,1589410198107877377,2022-11-07 00:11:35+00:00,@lorenaaorsi https://t.co/J6UFd2xmzR,10640,542
34,1589097676897161221,2022-11-06 03:29:44+00:00,its behind,12152,940
35,1588617618352529408,2022-11-04 19:42:09+00:00,@lorenaaorsi https://t.co/bSDHoTcUMU,9036,348
36,1587834596351438853,2022-11-02 15:50:42+00:00,@TheDjow_ ❤️,1528,11
37,1587554298505973762,2022-11-01 21:16:54+00:00,"@HQ_Forma ♥ e vai sempre fazer, você é genial!",527,2
38,1587489406784520192,2022-11-01 16:59:03+00:00,@preduu77 CLASSICO,667,3
39,1587489010213130240,2022-11-01 16:57:28+00:00,"eu tenho orgulho de varias coisas que fiz

mas ver o pessoal recebendo finalmente o livro do RPG em casa é um sentimento muito especial

eu SEMPRE fico emocionado vendo, não sei explicar

eu amo muito ordem paranormal, nao tem jeito, obrigado por construirem isso comigo https://t.co/eDCPi0otxp",14989,982
40,1587296259781664768,2022-11-01 04:11:33+00:00,@Danielsmarconn me extrapolei mas já voltei à programação normal,3595,23
41,1587287860616613888,2022-11-01 03:38:11+00:00,"eu cometi

eu cometi o crime de amar demais",37846,3876
42,1587214120918683650,2022-10-31 22:45:10+00:00,"@1lenaalov eu flerto meio cringe mesmo, mas ja viram como ela ficou bonita com o cabelo novo?

e ainda aguenta meus papo nerdola

eu tenho sorte pra caralho",19304,1205
43,1586856458683125761,2022-10-30 23:03:56+00:00,@temporxrybliss @testinhaa_ OASHOANEOAJEPAHSOAUWIAHAHA,242,1
44,1586853748994973696,2022-10-30 22:53:10+00:00,que fim de semana bom,32605,5051
45,1586595088884449280,2022-10-30 05:45:21+00:00,"@flopy_fish a gente vai regravar só o cenário 3d em alguns momentos importantes, nenhuma cena de interpretação vai ser regravada",260,2
46,1586579724440145926,2022-10-30 04:44:18+00:00,@blankhele não só eu como toda a equipe do Ordem! todo mundo ama muito esse projeto e tá muito orgulhoso ♥ eu só tenho a sorte de ter tantas pessoas incriveis que confiam em mim,2947,70
47,1586562988944904192,2022-10-30 03:37:48+00:00,"@euOVER_ @tweetsdojao @Noblezito @eloart_ @cleysonCafe @amanda_brotto @Bonees_ @LuzianoArts @muellerh_art um trabalho impecavel, MUITO ORGULHO de trabalhar com vcs",2817,100
48,1586561224900214786,2022-10-30 03:30:47+00:00,@amoraartsy nao deveria! vou checar no negócio automatico da twitch de ad e tentar diminuir pro RPG,1349,25
49,1586554016695205889,2022-10-30 03:02:08+00:00,to muito empolgado com essa temporada 💚,18791,1456
50,1586509803178061824,2022-10-30 00:06:27+00:00,pelo menos é a melhor temporada pra esse tipo de problema,22909,1847
51,1586370014264926210,2022-10-29 14:50:59+00:00,é hoje!!,25288,4560
52,1584276602636054529,2022-10-23 20:12:31+00:00,"rapazeada..

sem live nessa próxima semana pra focar na produção de sinais do outro lado

amo vcs vejo vocês sábado
vai valer a pena
C",23485,1394
53,1583944392879968257,2022-10-22 22:12:26+00:00,"Vai ser uma história completamente nova, com personagens novos! 

Não precisa conhecer NADA de Ordem Paranormal pra assistir essa.

Vejo vocês sábado que vem 👽💚
#SinaisDoOutroLado https://t.co/ZE2fWAH5F7",24509,4009
54,1583857678648242176,2022-10-22 16:27:51+00:00,a qualquer momento,37390,4029
55,1577128619847356416,2022-10-04 02:48:59+00:00,"@OnlyFenyx @dassamsacional @OrdemParanormal os símbolos das relíquias não são exatamente rituais, apesar de usarem os sigilos de eloquência. cada um é único e eles são mais próximos do nosso conceito de ""nomes"" do que comunicação",1839,50
56,1577126219237072896,2022-10-04 02:39:26+00:00,"@dassamsacional @OrdemParanormal um mesmo ritual pode ser conjurado com símbolos diferentes! é o mesmo que comunicar algo com palavras diferentes

canonicamente, os dois símbolos existem, e pessoas diferentes podem ilustrar rituais de maneiras diferentes

até agora, só um ritual tem um símbolo único: transcender",9181,206
57,1575215161497235456,2022-09-28 20:05:35+00:00,@xadre05 tamo junto ♥,354,0
58,1575212063647203328,2022-09-28 19:53:16+00:00,"sei nem explicar o sentimento de orgulho

demorou mas ta nascendo

meu filhinho cheio de monstro horroroso pra causar destruição morte caos tristeza desespero

meu anjinho precioso https://t.co/35oo5KxYOu",20407,2113
59,1575207248217116672,2022-09-28 19:34:08+00:00,"@p0ntodeonibus @Batata28779592 @Nan_Yelo isso! no geral, todo mestre precisa definir DTs o tempo todo no jogo

ordem é de terror, as criaturas são feitas pra serem difíceis, mas se um mestre sente que seu grupo ainda é iniciante demais e quer fazer um desafio mais leve, ele pode sempre baixar a DT. é só mudar um numero.",177,0
60,1575182885673263106,2022-09-28 17:57:20+00:00,@leonardoasanti ❤️,1300,12
61,1573026754289340416,2022-09-22 19:09:38+00:00,@feeeelps t u d o.,3679,63
62,1569844912161722370,2022-09-14 00:26:08+00:00,@gustavo124365 irado!!!!,2138,23
63,1568340139818221569,2022-09-09 20:46:42+00:00,sem live hoje https://t.co/rAIxwImFLI,11477,181
64,1566674722829508608,2022-09-05 06:28:55+00:00,"@skullthug hahaha obrigado! adorei a atmosfera, ansioso pra jogar a versão completa",421,1
65,1565750916971724800,2022-09-02 17:18:03+00:00,@Fiaspo até eu fiquei com medo,5794,68
66,1564756306535251968,2022-08-30 23:25:49+00:00,@PkCanadianGuy @OsRapazeskk adorei,3210,27
67,1563718395543035904,2022-08-28 02:41:32+00:00,@amoraartsy feliz aniversario!!!,1935,9
68,1563324236839563264,2022-08-27 00:35:17+00:00,@Rafa_kamaitachi ♥ tamo junto,10346,164
69,1563196681029812227,2022-08-26 16:08:26+00:00,@lorenaaorsi https://t.co/JjHoP8STCH,4823,107
70,1563194342583312387,2022-08-26 15:59:08+00:00,@lorenaaorsi https://t.co/gguL8RZIcO,3167,42
71,1563192389980016640,2022-08-26 15:51:23+00:00,@lorenaaorsi isso é uma torta de frango amor,3336,51
72,1563191319870447622,2022-08-26 15:47:08+00:00,@lorenaaorsi eu falei………,3754,35
73,1561177592685858816,2022-08-21 02:25:18+00:00,ansioso pra outubro https://t.co/8BffT8Bh6G,22673,2868
74,1561015194888937472,2022-08-20 15:39:59+00:00,"Verdadeira Arte
Soberania da Abstinência
Quando o Sino Tocar

confia. https://t.co/QU1OvoEabO",9528,690
75,1560593234715299842,2022-08-19 11:43:16+00:00,"@yoon_giih sinto muito que isso tenha acontecido! é triste ver que mesmo depois de tantos anos e tanta informação, esse tipo de pensamento ainda tenha sobrevivido nos dias de hoje",3808,133
76,1560592946709139456,2022-08-19 11:42:07+00:00,"@yoon_giih RPG é um jogo que estimula a criatividade e interação social, esse textão é de alguém que provavelmente leu um texto alarmista digno dos anos 90 e acreditou em tudo sem qualquer fundo cientifico, igual ao preconceito de “videogames matam”

esse pensamento é retrogrado e antigo",10541,642
77,1559992544313937921,2022-08-17 19:56:20+00:00,@jaeisatail feliz aniversario!,2576,23
78,1559604265106251779,2022-08-16 18:13:27+00:00,"@GD_Violett o poder altera o dano base da arma pro combatente, então ele é multiplicado no crítico sim!

no exemplo, a arma fica com 3d6 de dano base graças ao Golpe Pesado, e fica 6d6 no crítico.

é diferente de Amaldiçoar Arma, por exemplo, que soma dado de dano no resultado final",1325,37
79,1559593319663079429,2022-08-16 17:29:57+00:00,@feeeelps meu deus eu sempre achei vocês parecidos agora faz sentido!!! eram a mesma pessoa,8904,218
80,1559313999426195457,2022-08-15 23:00:02+00:00,que saudade do anfitrião,23293,2487
81,1559237060371910657,2022-08-15 17:54:19+00:00,essa é a pronuncia correta pra quem tava perguntando https://t.co/fN7niOVB9a,20710,2125
82,1558842964218085376,2022-08-14 15:48:19+00:00,@pErickyto @Nan_Yelo @mestrepedrok @silandcrafts verdade! o conceito inicial do succ não foi feito por mim,485,7
83,1558824811752787968,2022-08-14 14:36:11+00:00,"@PreduToons209 ele nao entrou por algum erro! ja passei no feedback, a arte e ficha dele estao prontas",1055,15
84,1558823738220724224,2022-08-14 14:31:55+00:00,"@hades_zitos @LefeasA isso! o ideal é baixar o PDF pra ler mesmo

tem alguns errinhos e paginas/artes bugadinhas que eu ja passei pra editora corrigir também, tudo isso vai ser polido e revisado pra ficar perfeito",128,0
85,1558823140108771329,2022-08-14 14:29:32+00:00,@Nan_Yelo todos os conceitos de monstros e textos narrativos são meus! mas o @mestrepedrok e a @silandcrafts fizeram o balanceamento das fichas e escreveram as habilidades deles,1850,22
86,1558820664915673090,2022-08-14 14:19:42+00:00,"to muito orgulhoso do livro de regras do ordem

qual sua parte preferida dele?",20829,535
87,1558683571979751426,2022-08-14 05:14:57+00:00,@RafaelF87263547 @OrdemParanormal todas as condições tão explicadas no final do livro!,1038,9
88,1558646283686002689,2022-08-14 02:46:46+00:00,@kaellzor 👁,1992,48
89,1558632419133210630,2022-08-14 01:51:41+00:00,muito obrigado. ❤️,28420,2121
90,1558626631161450499,2022-08-14 01:28:41+00:00,sobrou dois,14287,681
91,1558560696597716992,2022-08-13 21:06:41+00:00,"ATRASINHO PEQUENO, ta dificil pra colocar os cinco caixões dentro do estudio, TAMO QUASE!",37426,3775
92,1558435946852409344,2022-08-13 12:50:58+00:00,o que vai acontecer hoje mesmo? https://t.co/wwhlCVc4JD,25433,2554
93,1557747988612743168,2022-08-11 15:17:16+00:00,@masteuvps foi pra isso que eu fiz a temporada!!!!,4178,160
94,1557401736821805056,2022-08-10 16:21:23+00:00,@peqitw @Febatista @MikeLink1 meu deus essa imagem é CLÁSSICA,1164,21
95,1557379433274789894,2022-08-10 14:52:46+00:00,@kevinvechiatto @ceelpy já tenho alguém pra me substituir quando eu for assassinado,885,37
96,1556248477360963585,2022-08-07 11:58:45+00:00,"@beamom curiosidade: o artista dessa arte é o Preto Pasin, que pintou a maioria dos quadros que apareceram nessa temporada👁️",9168,257
97,1555962910312210432,2022-08-06 17:04:00+00:00,🔔,18966,1931
98,1555654528602673152,2022-08-05 20:38:36+00:00,sem live hoje porque todo mundo vai morrer amanhã,26455,2911
99,1554160179528228865,2022-08-01 17:40:36+00:00,@iamKalera @mestrepedrok era inevitável,3595,30
100,1553950989358694400,2022-08-01 03:49:21+00:00,@spot_desenhador ❤️,2450,18
101,1553439285709348864,2022-07-30 17:56:01+00:00,a lorena comprou varias meias de mansão assombrada e me faz usar uma diferente todo sábado pra dar sorte https://t.co/Zak5DvyyIw,25947,1421
102,1553233637960728577,2022-07-30 04:18:51+00:00,@lucaseduardrz atemorizante bom d+,556,2
103,1553149671387840514,2022-07-29 22:45:12+00:00,"esqueci de avisar!!
sem live hoje porque preciso escrever a narração de 8 paginas da morte do bisteca pra amanhã",26626,1400
104,1553148305009524743,2022-07-29 22:39:46+00:00,"@LittleCarpa não conhecia ele ainda! vários videos muito bons, ele manda super bem",4537,58
105,1552850116867923968,2022-07-29 02:54:53+00:00,"@catrarinthians é a melhor coisa a se fazer mesmo!
mas vi algumas pessoas se sentindo atacadas com um pessoal  que descobriu o RPG agora e quis hatear, então achei uma boa lembrar que todo esse ódio vem de gente insegura por ver outras pessoas felizes com algo que eles não entendem
tamo junto ♥",3907,213
106,1552848057347309568,2022-07-29 02:46:42+00:00,"você pode reclamar o quanto quiser sobre pessoas se divertindo RPG dadinhos nerdolas tudo que tenho a dizer é 

3d20 de força + 5 de luta a criatura pula faz ruarhraghr 2d6+5 de dano de sangue aaaaa teste de sanidade você tem 3 rodadas para tirar pelo menos 20 no teste de medicin",25354,4537
107,1552843607031283712,2022-07-29 02:29:01+00:00,"RPG é uma experiência incrível, e você nunca deveria deixar alguém te diminuir por algo que te faz bem

esse ciclo de  ""zoar nerd"" pra tentar ser descolado vai e volta, mas os momentos e sentimentos que jogar dadinhos num mundo imaginário me trouxeram, ninguém nunca vai mudar",31064,4664
108,1551250861598412800,2022-07-24 17:00:00+00:00,@dinotv feliz aniversario dino ❤️💙💚❤️,1009,5
109,1551238257261907969,2022-07-24 16:09:55+00:00,@BrunoRataque bora!,1470,13
110,1551028702405869570,2022-07-24 02:17:14+00:00,que episódio de cair o queixo #OSNI,18034,1496
111,1550915744682082306,2022-07-23 18:48:22+00:00,"bom dia! é um novo dia feliz 😃
estou empolgado pra hoje!!",19398,770
112,1550387505404563456,2022-07-22 07:49:20+00:00,"@a_kila77 você é foda! vai fazer falta nas artes das streams, mas o pessoal não faz ideia de como essa graphic novel ta ficando linda ❤️
seu talento e dedicação é um absurdo",5001,80
113,1550163552622809090,2022-07-21 16:59:26+00:00,@harvey_sunn tá terminando de upar! sai em uns 30 minutinhos,146,5
114,1549596484886208512,2022-07-20 03:26:06+00:00,@becca_guerra @OrdemParanormal @ArtesOSNF fofo!!!,3270,43
115,1549106444552781826,2022-07-18 18:58:52+00:00,"@Tropia_ @kirbitkk a história realmente não é nada novo e surpreendente, mas terror (especialmente found footage) dificilmente é sobre roteiro, achei a apresentação e ritmo impecáveis",296,2
116,1548904376936415233,2022-07-18 05:35:55+00:00,"@Modern_Tragedy_ @isprimido hahaha meu nome tava no trending topics por causa do tweet dela que bombou, eu só respondi porque sabia que meu tweet com os links ia aparecer primeiro pra quem clicasse

nem entendi direito o que ela quis dizer no tweet pra ser sincero, não sabia se era uma piada ou se era fã",1227,44
117,1548760454159278080,2022-07-17 20:04:01+00:00,"""Incantation"" é um dos melhores filmes de terror que eu já vi https://t.co/GlMsRPcwze",12110,386
118,1548751430173032452,2022-07-17 19:28:10+00:00,"bizarro pensar que ele continua fazendo isso todo sábado 18:00 em https://t.co/CdUb4IQNIg

e ainda tem coragem de postar episódios em https://t.co/yAory6v0cN

pra piorar, ainda vende produtos do RPG em https://t.co/TMTUOmV3vl

o cringe chegou até na steam https://t.co/gALCxyJ27G https://t.co/u7mKsx688v",16439,2763
119,1547486288105930752,2022-07-14 07:40:56+00:00,"@thewebpro thanks! always enjoy your games, keep it up (also can't wait for scrutinized 2)",1504,10
120,1545975326987141121,2022-07-10 03:36:55+00:00,"Bem vindo à Ilha de Tipora @Rakin ❤️🕳
#OSNI",12594,753
121,1545973524505952258,2022-07-10 03:29:45+00:00,@cinemagrath feliz aniversário miguel! 🎉🎊,9975,640
122,1544101495322419202,2022-07-04 23:30:59+00:00,@magalzaoshow foto de ontem,2748,26
123,1544056590592008192,2022-07-04 20:32:33+00:00,@ashenbeats @uselolja @Gohusty @pedromaiagandr só falta o SENHOR ILHA pra fechar o quarteto lendário,3617,65
124,1543650652584398850,2022-07-03 17:39:29+00:00,@Danielsmarconn fofo,2149,10
125,1543427286246072322,2022-07-03 02:51:55+00:00,maldito bisteca se safou mais uma vez,21336,1100
126,1543292226654150657,2022-07-02 17:55:14+00:00,finalmente chegou sabado!!!!!!!!!!,12549,1149
127,1542745179068694529,2022-07-01 05:41:28+00:00,"@Decnop_txt @CtrlAltDella @OrdemParanormal se você conseguir justificar uma vestimenta que melhore seu reflexo ou seu ocultismo, sim

mas acho difícil você justificar ter mais reflexo ou conhecimento só porque está vestindo algo, sem influencia paranormal

""o benefício de cada vestimenta deve ser aprovado pelo mestre""",118,1
128,1542668709357027328,2022-07-01 00:37:36+00:00,"@Orja_Do_Karma @OrdemParanormal @jamboeditora as criaturas que estão agora são mais pra testar o balanceamento, eu pedi pra remover algumas e acabaram saindo muitas hahahah mas em breve a gente lança um update com mais!
eu escrevi cerca de 50 monstros pro livro, então pode confiar que vai dar pra morrer de vários jeitos",477,17
129,1542654064281911297,2022-06-30 23:39:24+00:00,@OrdemParanormal @jamboeditora Falei com a Jambô e a compra do livro vai ser aberta de novo AMANHÃ pra quem não pegou na pré-venda poder baixar os capítulos!,3847,189
130,1542564540470239232,2022-06-30 17:43:40+00:00,"@bolazildo era pra ter saído já, mas rolou um probleminha no upload. to upando e daqui a pouquinho deve sair",1391,10
131,1540904212149981184,2022-06-26 03:46:07+00:00,@vncatz jogão,277,2
132,1540891074931171328,2022-06-26 02:53:55+00:00,@Trakoll coincidência! foram feitos por designers diferentes e acabaram usando a mesma fonte,792,7
133,1540882911875981318,2022-06-26 02:21:29+00:00,👻🖼❓#OSNI,16279,1648
134,1540739770015416322,2022-06-25 16:52:41+00:00,É HOJE,15000,2066
135,1540030223403606016,2022-06-23 17:53:12+00:00,"@Dippzada @OrdemParanormal @g0ulaarte rola dois, fica com o pior resultado",905,9
136,1540029933740851202,2022-06-23 17:52:03+00:00,"@OrdemParanormal @g0ulaarte pro pessoal que tá com o livro não se assustar com os atributos ""altos""

a regra dos atributos vai mudar na proxima versão. o atributo base agora é 1, não zero, e você joga o numero de dados IGUAL ao seu atributo.
por exemplo, o Olivier rola 3d20 pra Agilidade.",5172,163
137,1540026251477504001,2022-06-23 17:37:25+00:00,@StarlisDet joguei uma one shot com ele usando outros personagens pra eles entenderem o sistema e posso dizer que as pessoas vão se surpreender com ele,1693,57
138,1540023145859620865,2022-06-23 17:25:04+00:00,"ansioso pra sábado…!

o segredo na ilha ta me deixando empolgado como eu não ficava há muito tempo

tudo pode acontecer",14693,1120
139,1538686770258272257,2022-06-20 00:54:48+00:00,@the_ximenes @OGrandeJoca vocês são simplesmente demais!!! ❤️,156,1
140,1538363956103872518,2022-06-19 03:32:03+00:00,@JuMUTANO mutano você é FODA DEMAIS ♥,878,3
141,1538333313445810177,2022-06-19 01:30:17+00:00,@dumativa ????????????,4283,70
142,1538331242223095808,2022-06-19 01:22:03+00:00,@Rakin THIAGAO CHUTARA PORTAS MAIS UMA VEZ (desenhadas agora),6566,407
143,1538329702074572801,2022-06-19 01:15:56+00:00,(brasileiros também!),4868,34
144,1538324299332853760,2022-06-19 00:54:28+00:00,"@GusAzevedo7 @jamboeditora ja falei aqui com o pessoal, eles falaram que o suporte do servidor tá correndo pra tentar ressucitar o site",228,1
145,1538322412823105536,2022-06-19 00:46:58+00:00,"@Orenjiro_Art @dumativa ♥♥♥ não seria possível sem você dan, muito orgulho e tamo só começando!!!!",4579,64
146,1538322260238516225,2022-06-19 00:46:22+00:00,"@RandallRandomm @dumativa simplesmente um MONSTRO PARANORMAL da arte, obrigado por trabalhar com a gente ♥",605,10
147,1538319207317790725,2022-06-19 00:34:14+00:00,ssshhhh (se vocês verem algum streamer/youtuber estrangeiro reagindo ao trailer de enigma of fear clipem e me mandem to bem curioso),17337,668
148,1538318397246676992,2022-06-19 00:31:01+00:00,@beamom espera vc chegar na ilha pra ver,1875,30
149,1538317231804846082,2022-06-19 00:26:23+00:00,@PulsatrixStudio @dumativa é brasil pra cima deles rapazeada!!! ♥ ansioso pra jogar Fobia completo em live!,451,19
150,1538309369883918337,2022-06-18 23:55:08+00:00,@Fiaspo @dumativa ♥,849,3
151,1538286968613875713,2022-06-18 22:26:07+00:00,@LessaEtAlia uma temporada de cada vez!,229,1
152,1538285850873810950,2022-06-18 22:21:41+00:00,@marcoscastro @dumativa 💙 nao teria sido possivel sem vc!,1696,24
153,1538285478990028800,2022-06-18 22:20:12+00:00,"@badbutsadboy_ e tem coisa pra analisar, viu?…..",1427,29
154,1538285267525804044,2022-06-18 22:19:22+00:00,@Core__Core só se eu puder te enviar um kit especial quando a gente for lançar,6982,124
155,1538285014886060033,2022-06-18 22:18:22+00:00,@O_Dark_ FALEI.,1060,19
156,1538284554900889600,2022-06-18 22:16:32+00:00,espero que tenham gostado das fofocas,24563,1615
157,1538245822109962240,2022-06-18 19:42:37+00:00,"hoje é dia de revelar segredos!

vejo vocês em breve. 👁
#SegredosRevelados",16510,2111
158,1537559656381440000,2022-06-16 22:16:03+00:00,"se você for streamer, o evento dos #SegredosRevelados desse sábado dia 18.06 tá permitido fazer co-stream reagindo ao vivo na twitch!",15185,890
159,1536770922048376835,2022-06-14 18:01:54+00:00,"o evento de sábado não é só pra quem já assistiu ou pra quem é fã de ordem paranormal

se você não conhece ou nunca assistiu absolutamente nada desse universo, alguns segredos podem ser pra você também.",23393,2173
160,1536153340328943617,2022-06-13 01:07:51+00:00,👁️👁️👁️👁️ https://t.co/YmRaf2gRcA,15910,1608
161,1536148655010467840,2022-06-13 00:49:14+00:00,@oednaldopereira FELIZ ANIVERSARIO EDNALDO!!! &lt;3,5779,155
162,1531070895728513024,2022-05-30 00:32:02+00:00,TODO MUNDO TEM UM SEGREDO.,30599,2221
163,1530051061431603200,2022-05-27 04:59:34+00:00,@dumativa é mentira duma eu nunca faria isso eu nem sei que jogo é esse,4560,47
164,1527319167254204422,2022-05-19 16:04:00+00:00,ansioso pra junho,25322,2086
165,1526328649892470784,2022-05-16 22:28:02+00:00,o brasil é PICA DEMAIS ta maluco,21530,864
166,1526008623155105792,2022-05-16 01:16:22+00:00,"FOUND HORROR GAME 11.EXE

11 jogos de terror escondendo um enigma que nunca foi decifrado

essa jornada tá só começando ao vivo agora, e vai ser lembrada daqui a muito tempo

vai ter recap e vamos pro jogo 2 hoje

https://t.co/CdUb4IQNIg https://t.co/a54xazxD1T",6411,553
167,1525204366147428355,2022-05-13 20:00:32+00:00,"BADGES NOVAS DE SUB TÃO NO CHAT

C https://t.co/ODkvD8HOAj",11260,338
168,1524882513570717699,2022-05-12 22:41:36+00:00,"COMEÇANDO WE WERE HERE FOREVER COM O FELPS DEPOIS DE 4 ANOS ESPERANDO O JOGO

https://t.co/CdUb4IQNIg https://t.co/2fOJvDukAJ",13958,651
169,1523176787416854529,2022-05-08 05:43:40+00:00,C,14449,323
170,1521624845385150466,2022-05-03 22:56:48+00:00,"foram 10 dias em live sem parar, infelizmente covid chegou no meio da subathon mas mesmo assim foi uma doideira, obrigado a todo mundo que estava lá

vou ficar em repouso que ainda to ruim e ASSIM QUE EU RECUPERAR DO COVID ESTAMOS DE VOLTA STREAMANDO MAIS HYPADO DO QUE NUNCA",28073,1416
171,1521369489413132288,2022-05-03 06:02:06+00:00,Acabou.,33301,1685
172,1518586970611531777,2022-04-25 13:45:22+00:00,@bastet_min ????????,6550,64
173,1517957562142007296,2022-04-23 20:04:19+00:00,eu voltei.,35701,3363
174,1517956899370586119,2022-04-23 20:01:41+00:00,"SUBATHON ILIMITADA STREAMANDO MINHA VIDA INTEIRA

DORMINDO COMENDO TRABALHANDO ESCREVENDO 

24H POR DIA ATÉ O TIMER ACABAR

CADA SUB ADICIONA +60s DE LIVE

COMEÇANDO AGORA.",18472,1449
175,1517951664354963457,2022-04-23 19:40:53+00:00,O BURACO NÃO É ENIGMA,16136,813
