,id,created_at,full_text,favorite_count,retweet_count
0,1646187917507801088,2023-04-12 16:25:58+00:00,@spot_desenhador canon,6918,482
1,1644048620897857554,2023-04-06 18:45:10+00:00,"@Little_No_One @OrdemParanormal não é essa! 

essa é a adatapção da primeira temporada em versão física.

a webcomic de Enigma do Medo é algo bem mais simples, que vai ser enviado junto com o lançamento do jogo",1466,28
2,1638136315270053888,2023-03-21 11:11:47+00:00,o personagem de Ordem que eu mais escrevi sobre nos últimos 3 anos nunca foi mencionado até hoje https://t.co/EvazneQCjR,29374,1588
3,1633689544376688641,2023-03-09 04:41:54+00:00,@gabicattuzzo ?????,10137,139
4,1633526191150751745,2023-03-08 17:52:48+00:00,"@makotices Oi, tudo bem? vi sua postagem e algumas das suas respostas aqui e acredito que tem algumas coisas que eu posso pontuar aqui. (logo de cara, foi mal o textão, tentei falar sobre tudo que você mencionou nas respostas)

Assim como qualquer pessoa, o Ordem é um projeto que evolui com… https://t.co/NyHfgXKIzG",10314,743
5,1632048837169758208,2023-03-04 16:02:19+00:00,@TwitchBR ❤️,3701,76
6,1621599043964096514,2023-02-03 19:58:34+00:00,@DickIsANoodle @Mary_MS_Jay sim,961,2
7,1621598387308052481,2023-02-03 19:55:58+00:00,"@Mary_MS_Jay não tem regra específica pra isso no sistema, mas o lore permite sim

as comidas de santo berço eram hipnóticas por maldição de conhecimento (assim como o ambiente)

dá pra usar sangue pra intensificar sentimentos e prazeres pela comida

um café amaldiçoado com morte ia ser zica",11125,265
8,1617287609524387840,2023-01-22 22:26:28+00:00,"@chesscom_pt Obrigado por estarem do lado da verdade. Apenas nós, gênios (acima de 1000 de rating), sabemos como é difícil ser mal interpretado.",6882,271
9,1609382996309839874,2023-01-01 02:56:21+00:00,obrigado por um ano incrivel.,26935,1910
10,1607827559013556224,2022-12-27 19:55:36+00:00,@danramosart ta perdoado porque o filme é bom,920,9
11,1604677296652156930,2022-12-19 03:17:35+00:00,slipknot ao vivo é surreal,14074,561
12,1602997310027452416,2022-12-14 12:01:55+00:00,@Danielsmarconn @bastet_min @luhsetraoficial que porra é essa,2778,72
13,1602446144919031808,2022-12-12 23:31:47+00:00,@sh1nelore @lorenaaorsi @erickjacquin em minha defesa foi antes e depois de comer o ovinho da entrada,3280,80
14,1601755312104824832,2022-12-11 01:46:40+00:00,Obrigado por mais uma história 💚 #SinaisDoOutroLado,22148,2909
15,1601668626750222336,2022-12-10 20:02:12+00:00,NÓS SOMOS TODOS UM https://t.co/TKfpQYU3J2,13648,2257
16,1601645303282937856,2022-12-10 18:29:32+00:00,ansioso. animado.,16229,1196
17,1600905203422826499,2022-12-08 17:28:38+00:00,@Rakin OLA SENHOR BIGODON.,3508,72
18,1600127928544673793,2022-12-06 14:00:01+00:00,"a maior premiação de jogos do mundo está de volta

essa quinta, 08/12 às 19:00 https://t.co/fiuIbqBhXu",9092,1399
19,1599005673232007168,2022-12-03 11:40:35+00:00,Bom. Dia! 😃 Hoje é Sábado…!!!! 😎,18666,1512
20,1598683023976939523,2022-12-02 14:18:29+00:00,@ElSorvete tem sim 😡,6742,135
21,1598423096033157129,2022-12-01 21:05:38+00:00,"@beamom só avisando aqui: minha equipe já aplicou strike em todos os vídeos desse cara que usam trechos do Ordem ou da minha stream

não são poucos.",12816,788
22,1597410723755622400,2022-11-29 02:02:49+00:00,@CanellaMatheus @kaellzor @colattix foda!! a arte ficou irada também,817,3
23,1594177099514142721,2022-11-20 03:53:33+00:00,@SaikoMene o cara voltou depois de 3 anos e ja meteu rola na minha cara,18153,1109
24,1594146126273417217,2022-11-20 01:50:28+00:00,4️⃣ #SinaisDoOutroLado,13187,1288
25,1594059070918782976,2022-11-19 20:04:33+00:00,#SinaisDoOutroLado https://t.co/uEW1jTMlG0,20630,1617
26,1593477782037749764,2022-11-18 05:34:43+00:00,"@lorenaaorsi incrivel a semelhança que eu tenho com o light yagami de death note, além de sermos literalmente iguais... temos o mesmo mindset, ambos somos extremamente frios e estrategistas em nossa forma de pensar e agir... bizarro '-' ele me representa muito, somos dois deuses nesse mundo.",10065,736
27,1591612471194050561,2022-11-13 02:02:38+00:00,@feeeelps รєภtค. คเ. ยคเ ร๏.,8958,752
28,1591202553596821504,2022-11-11 22:53:46+00:00,"@dwthope esses quatro eram claramente só photoshop, os agroglifos não existiam de verdade e não tinha nenhuma evidência real deles além de print de whatsapp",618,17
29,1590449352677302272,2022-11-09 21:00:49+00:00,@lorenaaorsi https://t.co/jC5YQz12Dw,11853,538
30,1590126184121368577,2022-11-08 23:36:40+00:00,o paranornormal nao vem pra nossa realidade de maneira facil,10461,853
31,1590125913098047488,2022-11-08 23:35:35+00:00,ordem paranornormal descontração https://t.co/8pjEWDaIdq,23123,2160
32,1589764865677471744,2022-11-07 23:40:55+00:00,@Guimottaart acho esse design irado,2226,24
33,1589410198107877377,2022-11-07 00:11:35+00:00,@lorenaaorsi https://t.co/J6UFd2xmzR,10637,542
34,1589097676897161221,2022-11-06 03:29:44+00:00,its behind,12149,940
35,1588617618352529408,2022-11-04 19:42:09+00:00,@lorenaaorsi https://t.co/bSDHoTcUMU,9039,348
36,1587834596351438853,2022-11-02 15:50:42+00:00,@TheDjow_ ❤️,1527,11
37,1587554298505973762,2022-11-01 21:16:54+00:00,"@HQ_Forma ♥ e vai sempre fazer, você é genial!",526,2
38,1587489406784520192,2022-11-01 16:59:03+00:00,@preduu77 CLASSICO,668,3
39,1587489010213130240,2022-11-01 16:57:28+00:00,"eu tenho orgulho de varias coisas que fiz

mas ver o pessoal recebendo finalmente o livro do RPG em casa é um sentimento muito especial

eu SEMPRE fico emocionado vendo, não sei explicar

eu amo muito ordem paranormal, nao tem jeito, obrigado por construirem isso comigo https://t.co/eDCPi0otxp",14985,982
40,1587296259781664768,2022-11-01 04:11:33+00:00,@Danielsmarconn me extrapolei mas já voltei à programação normal,3597,23
41,1587287860616613888,2022-11-01 03:38:11+00:00,"eu cometi

eu cometi o crime de amar demais",37839,3876
42,1587214120918683650,2022-10-31 22:45:10+00:00,"@1lenaalov eu flerto meio cringe mesmo, mas ja viram como ela ficou bonita com o cabelo novo?

e ainda aguenta meus papo nerdola

eu tenho sorte pra caralho",19300,1206
43,1586856458683125761,2022-10-30 23:03:56+00:00,@temporxrybliss @testinhaa_ OASHOANEOAJEPAHSOAUWIAHAHA,242,1
44,1586853748994973696,2022-10-30 22:53:10+00:00,que fim de semana bom,32606,5051
45,1586595088884449280,2022-10-30 05:45:21+00:00,"@flopy_fish a gente vai regravar só o cenário 3d em alguns momentos importantes, nenhuma cena de interpretação vai ser regravada",260,2
46,1586579724440145926,2022-10-30 04:44:18+00:00,@blankhele não só eu como toda a equipe do Ordem! todo mundo ama muito esse projeto e tá muito orgulhoso ♥ eu só tenho a sorte de ter tantas pessoas incriveis que confiam em mim,2947,70
47,1586562988944904192,2022-10-30 03:37:48+00:00,"@euOVER_ @tweetsdojao @Noblezito @eloart_ @cleysonCafe @amanda_brotto @Bonees_ @LuzianoArts @muellerh_art um trabalho impecavel, MUITO ORGULHO de trabalhar com vcs",2815,100
48,1586561224900214786,2022-10-30 03:30:47+00:00,@amoraartsy nao deveria! vou checar no negócio automatico da twitch de ad e tentar diminuir pro RPG,1349,25
49,1586554016695205889,2022-10-30 03:02:08+00:00,to muito empolgado com essa temporada 💚,18784,1456
50,1586509803178061824,2022-10-30 00:06:27+00:00,pelo menos é a melhor temporada pra esse tipo de problema,22908,1847
51,1586370014264926210,2022-10-29 14:50:59+00:00,é hoje!!,25286,4560
52,1584276602636054529,2022-10-23 20:12:31+00:00,"rapazeada..

sem live nessa próxima semana pra focar na produção de sinais do outro lado

amo vcs vejo vocês sábado
vai valer a pena
C",23472,1394
53,1583944392879968257,2022-10-22 22:12:26+00:00,"Vai ser uma história completamente nova, com personagens novos! 

Não precisa conhecer NADA de Ordem Paranormal pra assistir essa.

Vejo vocês sábado que vem 👽💚
#SinaisDoOutroLado https://t.co/ZE2fWAH5F7",24499,4009
54,1583857678648242176,2022-10-22 16:27:51+00:00,a qualquer momento,37391,4029
55,1577128619847356416,2022-10-04 02:48:59+00:00,"@OnlyFenyx @dassamsacional @OrdemParanormal os símbolos das relíquias não são exatamente rituais, apesar de usarem os sigilos de eloquência. cada um é único e eles são mais próximos do nosso conceito de ""nomes"" do que comunicação",1839,50
56,1577126219237072896,2022-10-04 02:39:26+00:00,"@dassamsacional @OrdemParanormal um mesmo ritual pode ser conjurado com símbolos diferentes! é o mesmo que comunicar algo com palavras diferentes

canonicamente, os dois símbolos existem, e pessoas diferentes podem ilustrar rituais de maneiras diferentes

até agora, só um ritual tem um símbolo único: transcender",9184,206
57,1575215161497235456,2022-09-28 20:05:35+00:00,@xadre05 tamo junto ♥,354,0
58,1575212063647203328,2022-09-28 19:53:16+00:00,"sei nem explicar o sentimento de orgulho

demorou mas ta nascendo

meu filhinho cheio de monstro horroroso pra causar destruição morte caos tristeza desespero

meu anjinho precioso https://t.co/35oo5KxYOu",20401,2113
59,1575207248217116672,2022-09-28 19:34:08+00:00,"@p0ntodeonibus @Batata28779592 @Nan_Yelo isso! no geral, todo mestre precisa definir DTs o tempo todo no jogo

ordem é de terror, as criaturas são feitas pra serem difíceis, mas se um mestre sente que seu grupo ainda é iniciante demais e quer fazer um desafio mais leve, ele pode sempre baixar a DT. é só mudar um numero.",177,0
60,1575182885673263106,2022-09-28 17:57:20+00:00,@leonardoasanti ❤️,1300,12
61,1573026754289340416,2022-09-22 19:09:38+00:00,@feeeelps t u d o.,3679,63
62,1569844912161722370,2022-09-14 00:26:08+00:00,@gustavo124365 irado!!!!,2138,23
63,1568340139818221569,2022-09-09 20:46:42+00:00,sem live hoje https://t.co/rAIxwImFLI,11472,181
64,1566674722829508608,2022-09-05 06:28:55+00:00,"@skullthug hahaha obrigado! adorei a atmosfera, ansioso pra jogar a versão completa",421,1
65,1565750916971724800,2022-09-02 17:18:03+00:00,@Fiaspo até eu fiquei com medo,5793,68
66,1564756306535251968,2022-08-30 23:25:49+00:00,@PkCanadianGuy @OsRapazeskk adorei,3209,27
67,1563718395543035904,2022-08-28 02:41:32+00:00,@amoraartsy feliz aniversario!!!,1935,9
68,1563324236839563264,2022-08-27 00:35:17+00:00,@Rafa_kamaitachi ♥ tamo junto,10348,164
69,1563196681029812227,2022-08-26 16:08:26+00:00,@lorenaaorsi https://t.co/JjHoP8STCH,4822,107
70,1563194342583312387,2022-08-26 15:59:08+00:00,@lorenaaorsi https://t.co/gguL8RZIcO,3165,42
71,1563192389980016640,2022-08-26 15:51:23+00:00,@lorenaaorsi isso é uma torta de frango amor,3336,51
72,1563191319870447622,2022-08-26 15:47:08+00:00,@lorenaaorsi eu falei………,3752,35
73,1561177592685858816,2022-08-21 02:25:18+00:00,ansioso pra outubro https://t.co/8BffT8Bh6G,22666,2868
74,1561015194888937472,2022-08-20 15:39:59+00:00,"Verdadeira Arte
Soberania da Abstinência
Quando o Sino Tocar

confia. https://t.co/QU1OvoEabO",9523,690
75,1560593234715299842,2022-08-19 11:43:16+00:00,"@yoon_giih sinto muito que isso tenha acontecido! é triste ver que mesmo depois de tantos anos e tanta informação, esse tipo de pensamento ainda tenha sobrevivido nos dias de hoje",3807,133
76,1560592946709139456,2022-08-19 11:42:07+00:00,"@yoon_giih RPG é um jogo que estimula a criatividade e interação social, esse textão é de alguém que provavelmente leu um texto alarmista digno dos anos 90 e acreditou em tudo sem qualquer fundo cientifico, igual ao preconceito de “videogames matam”

esse pensamento é retrogrado e antigo",10538,642
77,1559992544313937921,2022-08-17 19:56:20+00:00,@jaeisatail feliz aniversario!,2577,23
78,1559604265106251779,2022-08-16 18:13:27+00:00,"@GD_Violett o poder altera o dano base da arma pro combatente, então ele é multiplicado no crítico sim!

no exemplo, a arma fica com 3d6 de dano base graças ao Golpe Pesado, e fica 6d6 no crítico.

é diferente de Amaldiçoar Arma, por exemplo, que soma dado de dano no resultado final",1325,37
79,1559593319663079429,2022-08-16 17:29:57+00:00,@feeeelps meu deus eu sempre achei vocês parecidos agora faz sentido!!! eram a mesma pessoa,8900,218
80,1559313999426195457,2022-08-15 23:00:02+00:00,que saudade do anfitrião,23288,2487
81,1559237060371910657,2022-08-15 17:54:19+00:00,essa é a pronuncia correta pra quem tava perguntando https://t.co/fN7niOVB9a,20708,2125
82,1558842964218085376,2022-08-14 15:48:19+00:00,@pErickyto @Nan_Yelo @mestrepedrok @silandcrafts verdade! o conceito inicial do succ não foi feito por mim,485,7
83,1558824811752787968,2022-08-14 14:36:11+00:00,"@PreduToons209 ele nao entrou por algum erro! ja passei no feedback, a arte e ficha dele estao prontas",1056,15
84,1558823738220724224,2022-08-14 14:31:55+00:00,"@hades_zitos @LefeasA isso! o ideal é baixar o PDF pra ler mesmo

tem alguns errinhos e paginas/artes bugadinhas que eu ja passei pra editora corrigir também, tudo isso vai ser polido e revisado pra ficar perfeito",128,0
85,1558823140108771329,2022-08-14 14:29:32+00:00,@Nan_Yelo todos os conceitos de monstros e textos narrativos são meus! mas o @mestrepedrok e a @silandcrafts fizeram o balanceamento das fichas e escreveram as habilidades deles,1850,22
86,1558820664915673090,2022-08-14 14:19:42+00:00,"to muito orgulhoso do livro de regras do ordem

qual sua parte preferida dele?",20824,535
87,1558683571979751426,2022-08-14 05:14:57+00:00,@RafaelF87263547 @OrdemParanormal todas as condições tão explicadas no final do livro!,1038,9
88,1558646283686002689,2022-08-14 02:46:46+00:00,@kaellzor 👁,1992,48
89,1558632419133210630,2022-08-14 01:51:41+00:00,muito obrigado. ❤️,28410,2121
