,id,created_at,full_text,favorite_count,retweet_count
0,1646738622253608960,2023-04-14 04:54:17+00:00,"É RP, mas minha decisão n foi tomada em RP gente. Acontece mta coisa que vcs como viewers n tem conhecimento sobre. Questão de entender tbm que eu n tava mais me encaixando ali. E é isso e ta tudo bem!",1193,10
1,1646737081455001600,2023-04-14 04:48:09+00:00,"E ta tudo bem! Eu amo o servidor, pretendo continuar nele. Mas não mais como frente da PM. Eu sou macaca veia, e n vou tiltar por conta de pressão hahaha",1481,10
2,1646736862143283203,2023-04-14 04:47:17+00:00,"Não é sobre cobranças ou algo do tipo. Eu não to mais acreditando no modelo de RP que vem se moldando. Eu tenho 11 anos de criação de conteúdo na internet. Sempre fui um dos maiores canais de games do Brasil. Acreditem, sei lidar bem com isso. São visões que n se encaixam mais +",2594,20
3,1646735878151184389,2023-04-14 04:43:22+00:00,+ comunidade da PM! Tem coisas que vão além de RP. E sim sobre lealdade. Eu sou leal aos meus. Agradeço demais a oportunidade! Foi incrível!,1936,12
4,1646735634755735553,2023-04-14 04:42:24+00:00,"Entrego aqui de maneira oficial meu cargo de Coronel do Cidade Alta. A maneira como o RP da cidade vem se formando, não me encaixo. Agradeço todo o carinho e sinto mto se deixei a desejar. Consciência tranquila de um trabalho feito com muito carinho e cuidado com a minha +",4856,54
5,1646339300869505027,2023-04-13 02:27:31+00:00,"Familia, acabei de chegar em casa e vou ficar quietinha. Acabei tomando o mesmo susto hj de novo e fui pro hp la no rio. Descansarei, pq amanhã o role vai ser doido",1191,8
6,1646231559362445334,2023-04-12 19:19:23+00:00,Quem ve essa cara n imagina que tava no hospital pouco antes 😂 https://t.co/4K093XT5Do,264,3
7,1645978052302721025,2023-04-12 02:32:03+00:00,"Pessoal, n consegui ficar pra dar procedimento no RP hj. Fui pro hospital agr de noite depois de um susto 😂 E amanhã acordo bem cedo pra ir pro RJ a trabalho. Fiquei até onde deu. Mil perdões",1242,7
8,1645465005192630277,2023-04-10 16:33:23+00:00,"@felipevinha @MaTheusdesowsa @lemonteiro90 @uryuukimura @harley_fpss @wzuia @onlybabys_ Vinha, vem falar cmg que é mto mais fácil",48,0
9,1645239728235597825,2023-04-10 01:38:12+00:00,"Wicked Brasil sempre valendo a pena, aff 💚",146,5
10,1644717669168365569,2023-04-08 15:03:44+00:00,"Eu chegando em casa e me atualizando de tudo do RP:

Hoje tem live até umas horas. Voltamos https://t.co/EK0BjOKibu",324,3
11,1644510226563883008,2023-04-08 01:19:26+00:00,@bibitatto @luizaparente4 Vamo!,26,0
12,1644117398713245699,2023-04-06 23:18:28+00:00,"Eu escolheria meu mozão e claro meu pc super parceiro nas minhas lutas rs 💚

Falem pra mim e pra @oi_oficial qual a maior batalha que vocês venceram! *publi https://t.co/6UIGEjfYx0",328,5
13,1644113855239397377,2023-04-06 23:04:23+00:00,"GENTE olha essa REVELAÇÃO CARAA!🤯
Clipe do Lil Whind (vulgo @whindersson) com a @oi_oficial arrasando!

Bora me dizer quem vocês colocariam nesses easter eggs? Em instantes revelo quem eu vou escolher 🤔 *publi https://t.co/RzeRNvxhNr",92,1
14,1644096096451403777,2023-04-06 21:53:49+00:00,Aguardem… Sábado to de volta e Meimei também. Vamo mete presença 😎,284,2
15,1643361688639471617,2023-04-04 21:15:33+00:00,Respeita esse casalzão 💜 https://t.co/0BETM5Gj65,5722,82
16,1643094443199799296,2023-04-04 03:33:37+00:00,"Eu to fora de casa, volto só na segunda todo e qualquer problema envolvendo RP to correndo de resolver como da 🤓",211,5
17,1642020728022114304,2023-04-01 04:27:03+00:00,"Minha policia é mto séria, me respeite https://t.co/SIrhYegDLk",327,16
18,1641146970675740705,2023-03-29 18:35:03+00:00,"Só hoje que eu vi que a conversa no @Podpah sobre dar o cu com o @miticojovem e o @igorcavalari fez até o @Casimiro ponderar sobre dar o seu butico!

É a desmitificação do brioco mesmo 🤣",233,3
19,1640434446342955009,2023-03-27 19:23:44+00:00,"E minha mãe simplesmente aparecendo na minha última live? 👀

Eu tô chocada até agora… Vem dar uma olhada: https://t.co/BMfEOMhxRD @enterogerminaBR *publi",124,1
20,1639803254677569539,2023-03-26 01:35:36+00:00,O highlight da Marvvila no BBB foi dormir na piscina de bolinha 😂😂,145,5
21,1639094013339873281,2023-03-24 02:37:20+00:00,Tadinha da Amanda hahaha sempre bate na trave,137,1
22,1638953938253651978,2023-03-23 17:20:43+00:00,Minha paciência anda sendo testada de uma maneira absurda nesses últimos dias. Vindo de todas as áreas possíveis na minha vida. Pqp,266,21
23,1638924428762382336,2023-03-23 15:23:28+00:00,To vendo o BBB de ontem e o ranço que eu sinto de Key e Gustavo n ta escrito. Socorro…,273,10
24,1638614154666819584,2023-03-22 18:50:33+00:00,"@Leo_Graciolli2 Abacate, depende da perspectiva",23,0
25,1638593181154517008,2023-03-22 17:27:12+00:00,@_BritneysSlave Nope. Cada pessoa tem o seu baseado no mapa. Calculado individualmente. Minha astrolaga faz meus calculos todo o ano,2,0
26,1638579842303098880,2023-03-22 16:34:12+00:00,"Amém, hoje é o fim do meu inferno astral.",143,3
27,1638373907269918721,2023-03-22 02:55:53+00:00,Fred e Tina claramente em um fechamento ali! QUERO OS DOIS DE VOOOOLTA SIIIIM,191,12
28,1638373134007975937,2023-03-22 02:52:49+00:00,Ele n tava bem fazia tempo. O que ele conversou com a Bruna hj tava nitido. Acho que ele acertou demais em sair,267,8
29,1638372250519760905,2023-03-22 02:49:18+00:00,“Onde é o botão?” HAHAHAHAHAHA Ele n vai ficar ai nem fodendo,132,8
30,1638370189770203137,2023-03-22 02:41:07+00:00,"Fred crente que vai ver o filho, vai sair é em outra casa 😂",114,5
31,1638369440197664769,2023-03-22 02:38:08+00:00,Acho que o Fred n fica nessa casa ai não hahaha Ele vai pedir pra sair de la. Ta na cara dele a agonia que ta pra ver o filho,176,3
32,1638364929135714305,2023-03-22 02:20:13+00:00,Quero Fred e Tina! Minha torcida é pra eles!,149,13
33,1638364521793241090,2023-03-22 02:18:35+00:00,Larissa sobrando toda,77,3
34,1638359629632610306,2023-03-22 01:59:09+00:00,A Paula podia voltar tbm hahaha imagina o choque de geral vendo ela harmonizada 😂😂,88,1
35,1638356539432992771,2023-03-22 01:46:52+00:00,E QUE LEVE ESSE CABELÃO PRA O BLACK! https://t.co/aEVvBpLBtS,82,3
36,1638356283731456000,2023-03-22 01:45:51+00:00,"Gente, eu quero mto a Tina de volta hahahahaha",100,4
37,1638349259673092099,2023-03-22 01:17:57+00:00,"Já que vão voltar 2, quem deve voltar pro BBB?",75,3
38,1638249977326497800,2023-03-21 18:43:26+00:00,"@eusol140 Jamais, n foi ela não!",23,0
39,1638222459227840512,2023-03-21 16:54:05+00:00,@bwbigirl Hahahaha amém! Seguimos firme e forte,38,0
40,1638222387022798854,2023-03-21 16:53:48+00:00,@callmejeeh Nossa amiga hahahahah nem me fale 😂,42,0
41,1638222248170364941,2023-03-21 16:53:15+00:00,@leticiaptne Tu sabe bem 😂😂😂,26,0
42,1638222025440239626,2023-03-21 16:52:22+00:00,"Afinal, um animal sem chifre é um animal indefeso 😂",335,3
43,1638221770309115904,2023-03-21 16:51:21+00:00,"O instagram me lembrando que fazem 4 anos da fatídica viagem pra Roma onde la eu descobri que era mó corna 🤷🏼‍♀️

Amém terapia! Hoje eu olho pra isso que já foi um puta trauma e dou risada Hahahahaha Acho mó história da hora de contar 😂",1701,11
44,1637921576132702209,2023-03-20 20:58:29+00:00,"Ta pra cair uma chuva enorme aqui, livezinha depois que parar",160,3
45,1637910380004401154,2023-03-20 20:14:00+00:00,Mas é ÓBVIO! https://t.co/Fn08R0Gb1k,308,6
46,1637909393432772616,2023-03-20 20:10:04+00:00,"Cara, eu acho um absurdo como não tem a opção de ""Carrinho"" na loja da EA. Cada item é um novo pagamento, socorro",247,4
47,1636861754239074307,2023-03-17 22:47:08+00:00,Tarde inteira de reuniões pra conhecer as novidades do @cidadealtarp e definir os procedimentos hehehe HYPE DEMAIS!,240,6
48,1636795957533724674,2023-03-17 18:25:41+00:00,Isso é Melena moço 😂😂 Mas fico feliz em ajudar no estágio 😂😂😂 https://t.co/PUsIpk6xhH,587,9
49,1636567259081584643,2023-03-17 03:16:55+00:00,"Aline, Domi, Bruna e Amanda. Estão sendo ótimas",99,4
50,1636566724299350017,2023-03-17 03:14:47+00:00,To achando legal o acolhimento que a Dania ta tendo agora. Pessoal ta de parabéns ❤️,299,8
51,1636566190637064192,2023-03-17 03:12:40+00:00,"Aline, entenda! Vc é MARAVILHOSA!",163,7
52,1636555038855184386,2023-03-17 02:28:21+00:00,O que a gente precisa agora também é dar MUITO amor pra Lexa e enaltecer o mulherão que ela é! Sempre!,454,21
53,1636551257111363586,2023-03-17 02:13:20+00:00,Fico mais aliviada que Aline e Sarah ficam de fora com a Dania. Mulheres cabeças que vão saber como acolhe-la,302,12
54,1636548422055362566,2023-03-17 02:02:04+00:00,"Insensibilidade por parte do BBB, falta de responsabilidade com a menina.",243,7
55,1636548150977609729,2023-03-17 02:00:59+00:00,CALA A BOCA ALFAAAACE!!! 🫠🫠🫠🫠,206,5
56,1636548102353035265,2023-03-17 02:00:47+00:00,"Essa volta do Tadeu foi importante. Mas gente… que exposição desnecessária dela 😐 Tadinha gente!

Se eu fosse a emissora americana, tirava ela dai. Vai ser mto gatilho ela ai",1167,36
57,1636547033447243778,2023-03-17 01:56:33+00:00,"Ela ta em choque tadinha, ta se sentindo mto culpada. Decisão acertada, mas comunicada de maneira mto errada",276,15
58,1636546783357595652,2023-03-17 01:55:33+00:00,"Gente, poderiam ter feito isso no confessionário. Acho que expuseram a mina gente. E só depois explicar pra geral",843,44
59,1636534192556179457,2023-03-17 01:05:31+00:00,"Eu n fiz um prato de salada essa hora não 🙃🤡 Ain, como eu queria gostar de ser fitness, mas n gosto 😂",128,3
60,1636403620198465552,2023-03-16 16:26:40+00:00,"@daniela_cg eu n quis dizer que a culpa foi delas não. Da uma olhadinha em todos os tweets. Eu só quis dizer que tbm achei problematico ver mulheres diante dessa situação incentivando ele a continuar. Onde claramente Dania estava desconfortável. A culpa não é delas, óbvio. Mas n achei bacana",5,0
61,1636387641653600260,2023-03-16 15:23:11+00:00,@natwsantanna EXATAMEEEENTE,4,0
62,1636370900743495685,2023-03-16 14:16:39+00:00,@thiago_bs7 Se der uma olhadinha no primeiro tweet que fiz (cometi o erro de n organizar em thread) eu falo que queria levantar um questionamento que tbm acho problematico. Não achei bacana uma mina do lado vendo outra claramente em desconforto falando “só um beijinho”.,4,0
63,1636369993708322818,2023-03-16 14:13:03+00:00,"@Vinis_Sts Moço, n organizei o pensamento em thread, se puder olhar o resto dos tweets eu falo justamente que a culpa n é delas, óbvio. Mas o incentivar o beijinho quando a moça já falou não, mto problematico",16,1
64,1636355776108273666,2023-03-16 13:16:33+00:00,"@olizinharj Eu não to culpando elas não. ele é culpado. Mas justamente elas, como minas vendo a situação toda e ainda incentivando. Fiquei bolada e acho bem problemático tbm",5,0
65,1636355315842023424,2023-03-16 13:14:43+00:00,"Fazendo o minimo. Mas po, elas podiam ter evitado isso tdo, n sendo conivente ali com a brincadeira! Tavam incentivando, e de certa forma, dando validação pro Sapato ali. Todo mundo errado, óbvio que o Sapato mais ainda.
Espero que a Dania não se abale com isso. Situação de merda https://t.co/bZaIXwV6V7",109,5
66,1636354351865245703,2023-03-16 13:10:54+00:00,"Se fosse eu ali, já puxava Sapato pelo bracinho, igual teve com o Guime na festa e manda ele ficar na dele!

Mas a diferença que eu percebi é que pro Guime teve mais alertas (E QUE BOM QUE TEVE) pelo fato dele ser casado.

Agora o Sapato? ""Só um beijinho"" e afins...",122,4
67,1636353612728131587,2023-03-16 13:07:57+00:00,"Alá cara... Duas minas do lado e ninguém falou nada, tavam na onda da ""brincadeira"" também. A mina solta um ""NÃO"" e todo mundo continua... https://t.co/YXcPmwDYdE",386,19
68,1636352535991578625,2023-03-16 13:03:41+00:00,"Sabe o que eu acho bem problemático que tbm aconteceu nesse BBB, junto com os os dois assédios?

Pô tinha mina ali o dia todo incentivando esse role do Sapato e a Dania ficarem. Quando ele pula nela, tinha gente ali do lado botando pilha, falando pra dar beijinho e tals.. 
Foda",293,15
69,1636310980429860865,2023-03-16 10:18:33+00:00,Gente… Guimê não meteu essa não né? 😦,372,8
70,1636094237950320643,2023-03-15 19:57:18+00:00,Descobri que pessoas entram em casamentos ao som de Sorriso Resplandecente de Dragon Ball! E faz mto sentido vei! A música é LINDA DEMAIS PRA ISSO! Só caso se for assim! https://t.co/ROfVCtRwVO,142,5
71,1635477721278033920,2023-03-14 03:07:29+00:00,"Eu n aguento o Alface não, sei que ele é necessário demais pro game, mas não da hahahahaha",231,11
72,1634414527063130113,2023-03-11 04:42:43+00:00,"@MoonKase Errou a letra amiga, é *sono.  Em ferrando hahaha Ainda n to conseguindo andar",85,0
73,1634413914145316865,2023-03-11 04:40:17+00:00,"Irmão, n sei o que deu hj. Eu fiz 13h de live hj MTO DE BOA! E pior que eu faria mais 😂 Eu só fechei se n eu vou ter problema pra acordar amanhã",336,4
74,1633154524360716291,2023-03-07 17:15:55+00:00,Oooi @kabumcombr dm pf ❤️,91,3
75,1633090944663801859,2023-03-07 13:03:17+00:00,Pczinho hj vai ser turbinado! Livezinha hj vai ser voando!,184,4
76,1632933704086462465,2023-03-07 02:38:28+00:00,Everybody hates Boco Roso,199,19
77,1632933162190872583,2023-03-07 02:36:18+00:00,Esse povo ta deeeescontrolaaaado hahahahaha eu to aaamando,109,8
78,1632933020188508161,2023-03-07 02:35:45+00:00,O Alface é insuportável hahaha Mas importante demais pra esse BBB,115,6
79,1632932203490426880,2023-03-07 02:32:30+00:00,METEU UM SURDO E BURRO!,74,3
80,1632926679843721218,2023-03-07 02:10:33+00:00,GENTE! ESSA CASA TA UM CLIMA MTO DELICIOSO HAHAHAAHA,134,7
81,1632925469887660039,2023-03-07 02:05:44+00:00,"Me julguem, mas estou com Marvvila! Hahahaha",133,7
82,1632925008103186433,2023-03-07 02:03:54+00:00,Black ta como? Hahahaha Acho que o povo n ve que a Marvvila realmente foi lenta 😂,76,3
83,1631406323270131712,2023-03-02 21:29:12+00:00,"Ain, queria ta la no sábado! Finaleira!",153,4
84,1631404710413443072,2023-03-02 21:22:47+00:00,A MELHOR ASCENT DO MUNDOOO!! #goLOUD,140,9
85,1631380434201243648,2023-03-02 19:46:19+00:00,Live só depois do jogo da loud!,131,2
86,1631098752936161280,2023-03-02 01:07:01+00:00,"E vamos de processador, placa mãe e memórias novas... Socorro",273,5
87,1631062515655270400,2023-03-01 22:43:02+00:00,"@centralarticos @xangalorp Se tivesse usando capacete, isso não teria acontecido!",85,0
88,1630957255930658819,2023-03-01 15:44:46+00:00,Vem ver vem: https://t.co/K9vtuESzf1 https://t.co/i6DWi0I4b8,70,3
89,1630667917451730969,2023-02-28 20:35:02+00:00,"@nofaxu Aqui o layout ta igual do celular, socorro",14,0
90,1630667452005621765,2023-02-28 20:33:11+00:00,Meu deus... o que aconteceu com o tweetdeck????,141,2
91,1630644067569680404,2023-02-28 19:00:16+00:00,Tamo postando vários reels lá na página do Facebook! Cês já conferiram? https://t.co/K9vtuESzf1,78,6
92,1630636870257221632,2023-02-28 18:31:40+00:00,"Pai amado, se n fosse meu Predator aqui comigo segurando minhas pontas lindamente, eu não trabalhava 😂 O meu pc ta dando problema demais 🤡",164,4
93,1630635560984256512,2023-02-28 18:26:28+00:00,Live se for ter hj: mais tarde. O PC ta bomba memo e vou formatar. Me desejem sorte,128,5
94,1630295252215930880,2023-02-27 19:54:12+00:00,@machadol0l @ExcelenciaGamer Sa bomba ai https://t.co/pTStNs3OZx,9,0
95,1630295015623737348,2023-02-27 19:53:15+00:00,E vamos de formatar o pc 🤡,179,4
96,1630287359869681664,2023-02-27 19:22:50+00:00,"@ExcelenciaGamer To no 10 mesmo. Mas depois que atualizou ta assim. Ele inicia, e da tela azul logo depois",8,0
97,1630286433121361923,2023-02-27 19:19:09+00:00,"Meu pc ta na terceira tela azul seguida, DO NADA! Socorro 🤡",292,5
98,1629981196913455104,2023-02-26 23:06:15+00:00,"Vem ai o empate nessa luta, certeza",110,4
99,1629979927427575808,2023-02-26 23:01:12+00:00,@whindersson Alá hahahaha,16,0
100,1629979455299936259,2023-02-26 22:59:20+00:00,"@whindersson Fury perdendo mta oportunidade, muita.",15,0
101,1629978724534738948,2023-02-26 22:56:26+00:00,@whindersson Acho que vai entrar um upperzão dele e poder ser isso ai,46,0
102,1628831905176072193,2023-02-23 18:59:23+00:00,https://t.co/DXa1zC7SFV,44,4
103,1628831343420362752,2023-02-23 18:57:09+00:00,"Minecraft de volta no canal. 

Hoje, 18h. https://t.co/GtY6OSbGNc",510,21
104,1628579769871740929,2023-02-23 02:17:29+00:00,Alguém já contou qtos cigarros o Guime fuma em um dia?,162,6
105,1628432471669743621,2023-02-22 16:32:10+00:00,👀 https://t.co/N7EpNqZRmx,507,7
106,1627657320946696193,2023-02-20 13:12:00+00:00,@centralroxos Um trabalho a mtas mãos! Seguimos! Obrigada pelo reconhecimento!,187,1
107,1627476767890874368,2023-02-20 01:14:33+00:00,"@CyntiaMarangon Ninguém tem um A pra falar da excelência do seu trabalho! Vc soma e agrega por onde passa! Com muita paixão, cuidado e profissionalismo! E n foi diferente nesse passagem pela PM!

Françou! Bobo seria o homi de n te chamar de novo!

Brilha Cy! Vc é merecedora! Obg por tdo!",319,0
108,1626810114664456192,2023-02-18 05:05:30+00:00,"Primeiro dia mto gostoso no @cidadealtarp ! Vamo que vamo! Viajo pro carnaval e volto terça! Fiquem de olho nos meus bisonhos por mim! 

Lema da season pra PM é: Disciplina, bom senso e bom humor!",375,7
109,1626712361389248512,2023-02-17 22:37:04+00:00,A @maahglopezz é uma comunicadora maravilhosa! N tem como!,141,3
110,1626691942523318272,2023-02-17 21:15:56+00:00,Pelo amor de Deus! Qual o horário??? @cidadealtarp,266,3
111,1626241419311472641,2023-02-16 15:25:43+00:00,QUEM DUVIDAVA?? https://t.co/EAIPm1CbC5,395,7
112,1625625290608082944,2023-02-14 22:37:26+00:00,Tamo desenhando pra ver se rola 🤣 https://t.co/1DRHuGpG2d,174,4
113,1625574140001263617,2023-02-14 19:14:11+00:00,"Preciso fazer uma caralhada de administrativo da PM, se eu fizer em live, ceis me fazem cia?",270,6
114,1625322325645090817,2023-02-14 02:33:34+00:00,"E é isso: Policia do @cidadealtarp foi WIPADA! De 309 nomes que peguei no comando em Setembro, iniciamos essa season 4 com 75! 

Muito trampo pela frente! Animados e muito otimistas!",1411,9
115,1625223669436887040,2023-02-13 20:01:32+00:00,"Eu acho que é de utilidade publica divulgar o remix completo de Rude Boy da Rihanna feito pelo DJ Klean.

Inteiro só melhora hahaha

https://t.co/FiBo2gTNxI",304,30
116,1624954693356081153,2023-02-13 02:12:43+00:00,Socooorro 😂😂😂 https://t.co/Dt5wKFrWiC,194,11
117,1624950961859862529,2023-02-13 01:57:54+00:00,"Ela começou a performance alisando a barriguinha. Em Diamonds, na hora de falar “I’m alive” ela alisa de novo https://t.co/inSOA34kUt",321,13
118,1624948951869804544,2023-02-13 01:49:54+00:00,Não podemos negar que Anitta e Ludmilla tem mérito nisso aaaaai https://t.co/m0WUfZU9Zl,1553,72
119,1624946905326157826,2023-02-13 01:41:46+00:00,COMO QUE JÁ ACABOOOOU???????,317,19
120,1624944842160713729,2023-02-13 01:33:35+00:00,EU OUVI UM PONTINHO DE FUNK NESSE RUDE BOY???,386,27
121,1624944251069923330,2023-02-13 01:31:14+00:00,RIRI TA GRAVIDA D ENOVO?????,584,13
122,1624521583384571907,2023-02-11 21:31:42+00:00,"Após 5h30 de reunião temos uma base pra PM do @cidadealtarp pra próxima season. Começando numa tela em branco, vamo que vamo!",465,12
123,1624154773816500227,2023-02-10 21:14:08+00:00,"Galerinha, chovendo horrores aqui. Vou esperar passar pra abrir a live",184,1
124,1624043590014869511,2023-02-10 13:52:19+00:00,O importante é continuar tentando 😂 https://t.co/TLiFJ9MH85,130,3
125,1624035440847204352,2023-02-10 13:19:56+00:00,Tudo indica que o canal volta hoje 12h 👀,430,6
126,1623777577725833216,2023-02-09 20:15:17+00:00,Caiu a luz aqui em casa 🤡,163,3
127,1623695092266549249,2023-02-09 14:47:31+00:00,Mas n ia tocar o Big Fone?,231,3
128,1623130118238400512,2023-02-08 01:22:31+00:00,Minha namorada me deu pijamas combinando com nossa cara nele todo. Não tem como ser mais compatível comigo não,832,9
129,1622962016502571012,2023-02-07 14:14:32+00:00,Tá rolando Hogwarts Legacy na live agora https://t.co/tvHc9nzZks,226,10
130,1622773539152572416,2023-02-07 01:45:36+00:00,É isso! https://t.co/YMUYdlTAy6,411,10
131,1622639952717545494,2023-02-06 16:54:46+00:00,Vocês viram que eu postei vários reels da viagem que eu fiz pra Miami/Orlando? Olha aqui https://t.co/K9vtuESzf1 👀,90,5
132,1622382178041462786,2023-02-05 23:50:28+00:00,@Anitta VAAAAAI ANITTA!!! MACEEETA ELES!,812,12
133,1622378940193964033,2023-02-05 23:37:36+00:00,A BEST NEW ARTIST TOOOODAAAA https://t.co/7iCsnZB6FQ,967,73
134,1622362158301323265,2023-02-05 22:30:55+00:00,*babaca 🫠,294,1
135,1622361934468186114,2023-02-05 22:30:01+00:00,"A solução apresentada é mais uma “redução” de danos.

Acho que meus 11 anos de carreira como influenciadora são o suficiente pra mostrar minha índole e valores.

E eu só queria mto jogar o joguinho que eu tanto esperei, antes msmo da polêmica 🫠

PS: JK nojenta sim!",1028,11
136,1622361411971174400,2023-02-05 22:27:57+00:00,"+ eu acho que é uma boa solução. Não só com as o valor feito pelas lives, mas com certeza com uma ajuda pessoal minha tbm.

HP foi importante da vida de mta gente, inclusive a minha. Mas jogar o game n quer dizer que eu apoio JK ou transfobia.

+",982,16
137,1622360865356783617,2023-02-05 22:25:46+00:00,"Gente criticando a ideia a grande questão é: eu queria mto jogar. Eu espero por ele desde quando era só uma especulação. 

Quero que a JK se foda.

Se eu posso jogar um game sobre um universo que impactou minha vida desde pequena e ajudar a causa que essa bacana menospreza

+",2822,106
138,1622355815637057538,2023-02-05 22:05:43+00:00,Amei! Vou fazer tbm! @wanessaw0lf sempre lendária! https://t.co/cHCcRr7zat,3843,141
139,1621513924725329922,2023-02-03 14:20:20+00:00,@Faantxpop QUE LINDEZAAAA,116,0
140,1621314257114521600,2023-02-03 01:06:56+00:00,"As pessoas aqui não usam capacete enquanto andam de moto, mto mto estranho 😂",377,3
141,1621170767840022528,2023-02-02 15:36:45+00:00,Eu acabei de ver um robo esperando pra atravessar a rua…,442,9
142,1621167989126053893,2023-02-02 15:25:43+00:00,Ces viram que eu ando postando vários reels lá no facebook né? Vem ver: https://t.co/K9vtuESzf1 🤍,110,4
143,1621127979182223360,2023-02-02 12:46:43+00:00,Ó os balão,984,13
144,1620777241151156224,2023-02-01 13:33:01+00:00,Eu to amando a Key achando que é o MJ. Bom que quando ela sair pode entender melhor uma possível mediunidade dela. https://t.co/uv1LTPf4fo,208,3
145,1620248349835403264,2023-01-31 02:31:24+00:00,"Taca a peruca no Cesar com essa torta na cara, parecendo uma make artística, que ele vai ta pronto pro show de drag",173,3
146,1620091010985660416,2023-01-30 16:06:11+00:00,"Eu to tão estressada hoje, mas tão… ta foda",218,6
147,1620027886819512320,2023-01-30 11:55:21+00:00,"Bom dia ansiedade, por que tão cedo?",516,62
148,1619800055472394242,2023-01-29 20:50:02+00:00,Se você ver essa mocinha no @cidadealtarp saiba que o bicho pegou! Maleninha STAFF é real hehehe https://t.co/q4J60LkBI5,816,12
149,1619739378259005440,2023-01-29 16:48:55+00:00,"@krawkdelas7 @RafaelTassio @Paty__Landim @pvfrango Moço, mas o que tem a ver com o papo que estavamos tendo? Eu acho que tem muito recurso que poderia sim ser utilizado no CDA. Atualmente a PM opera com os recursos que temos.

A prisão é consequencia de uma atitude e necessária pra cidade n virar bagunça tbm.",12,0
150,1619736888956395523,2023-01-29 16:39:02+00:00,@krawkdelas7 @RafaelTassio @Paty__Landim @pvfrango + e as vezes é preciso manter um tom. O RP de ontem foi extremamemnte importante pra lore do servidor nesse momento.,8,0
151,1619736665899077635,2023-01-29 16:38:09+00:00,@krawkdelas7 @RafaelTassio @Paty__Landim @pvfrango Imersão e resenha não são antogonistas um do outro. Se vc acompanha o trampo dos dois sabe que eles dividem mto bem. Raed sempre foi resenha demais e a Lara quando pegava pra ser não tinha pra ninguém. Uma coisa não anula a outra. RP é narrativa tbm +,9,0
152,1619530644631191552,2023-01-29 02:59:29+00:00,Cê loooouco! Que RP absurdo! @RafaelTassio e @Paty__Landim bom demais trocar com vcs de novo! Os melhores do cenário! N tem comoooo!!,492,6
153,1619422171016863744,2023-01-28 19:48:27+00:00,"Eu n tava com noção do QUÃO cansada eu tava, serião. Eu dormi a tarde inteira vei",202,3
154,1619340027158491142,2023-01-28 14:22:03+00:00,"O quanto esse cara ta se segurando pra n ser o idiota que ele é não ta escrito! Da pra ver na cara dele que ele ta querendo explodir um monte de coisa. Pelo amor de Deus, que va pro paredão! https://t.co/CrmKyzagUt",497,16
155,1619329088472375297,2023-01-28 13:38:35+00:00,Preciso confessar uma coisa sobre esse BBB: eu to AMANDO ver os heteros fãs do Fred assistindo BBB e torcendo pra ele vei 😂 Ta sensacional!,452,6
156,1619106898241900544,2023-01-27 22:55:40+00:00,F for Meimei https://t.co/g7k1M9K0Nk,285,2
157,1619063176733282305,2023-01-27 20:01:56+00:00,"Menina, sentei no sofá e apaguei por 2h30 🙃",278,1
158,1618624685637505027,2023-01-26 14:59:32+00:00,"Se eu tivesse nesse BBB, Amanda com toda certeza seria minha dupla de festa. Compartilhamos a mesma habilidade na dança! https://t.co/No3lJCbWt7",451,13
159,1618574765316530177,2023-01-26 11:41:10+00:00,@MoonKase Pior que é mesmo 😂😂,184,0
160,1618223305781317633,2023-01-25 12:24:35+00:00,O @Piuzinholl voltando com o Lo Padrinho! E vem RPzão de qualidade!,381,4
161,1618083148562313218,2023-01-25 03:07:39+00:00,Amanda tem mto potencial hahaha Essa mulher exala uma energia nonsense absurda 😂 https://t.co/lEbz1Vvz2P,176,6
162,1618080133927292929,2023-01-25 02:55:41+00:00,Se o Brasil colocar a Marilia de volta eu não vou perdoar vocês!,459,35
163,1618062422782377985,2023-01-25 01:45:18+00:00,"Os surtos do Fred n podem acabar hahaha PF, N ELIMINA ELE NÃO 😂",260,6
164,1617875813453692928,2023-01-24 13:23:47+00:00,Acabei dormindo no meio do jogo da discórdia e acordei com a linda cena do Cesar chateado pq a Tina não emprestou peruca pra ele 😂,292,6
165,1617715258457743360,2023-01-24 02:45:47+00:00,Guime… cala a boca 🥲,664,29
166,1617708508811755522,2023-01-24 02:18:58+00:00,Key mulher… não toca mais nesse assunto. Menina ta toda gatilhada 🤡,325,7
167,1617707334264041475,2023-01-24 02:14:18+00:00,PAULA SERVE ENTRETENIMENTO!!!!,282,19
168,1617637887729889281,2023-01-23 21:38:21+00:00,Reunião de gente grande agora com os líderes do @cidadealtarp ! Animada com a sementinha que foi plantada ali! Vamo bora!,266,8
169,1617577823429869568,2023-01-23 17:39:40+00:00,"Fred ta se mostrando ser um cara mto cabeça, mto bacana! Espero não me decepcionar https://t.co/Icec6s6dsF",298,10
170,1617486156723257347,2023-01-23 11:35:25+00:00,"Pelo amor de Deus, ele não pode sair! Hahahaha Tira a Marilia ou o Gustavo POR FAVOOOR https://t.co/wn4HLKIMUU",319,16
171,1617366913159663616,2023-01-23 03:41:35+00:00,É aquele vilão que a gente ama odiar! Ele agrega no jogo! Bora colocar os dois no quarto e eliminar Marilia! https://t.co/NK9dzuKkGm,263,33
172,1617363661965737984,2023-01-23 03:28:40+00:00,O Brasil agora: 🤡,586,47
173,1617362872790814724,2023-01-23 03:25:32+00:00,PQ ELA NÃO DA TODAS AS PEÇAS PRA ELEEEEE? Ai ele bate o olho e resolveeee,399,18
174,1617359808138514437,2023-01-23 03:13:22+00:00,SOMOS TODOS FRED E CABRITA NESSE BATE E VOLTA! PELO AAAAMOR DE DEEEEUS,432,43
175,1617355757078609920,2023-01-23 02:57:16+00:00,ELA CONTOU DA CENTRAL DO LIDER???? BRUNA VC É MTO LEEENTAAAA,513,15
176,1617355211429019651,2023-01-23 02:55:06+00:00,"“Entre eu e ela as coisas tão resolvidas”

O puro papo do abusivo!",348,26
177,1617354271938482176,2023-01-23 02:51:22+00:00,PELO AMOOOOR DE DEEEEUUUUUUUUS https://t.co/aIVQZdEzsh,279,15
178,1617353742050889729,2023-01-23 02:49:15+00:00,Agora ele vai se fazer o príncipe preocupado……….,365,25
179,1617353438379278336,2023-01-23 02:48:03+00:00,PELO AAAAAAAAAMOOOR DE DEEEEUS! QUE NARCISISTAAAAAAAAAAAA,401,28
180,1617353337120198658,2023-01-23 02:47:39+00:00,ELE TA BOTANDO A CULPA NELA????,1737,62
181,1617353006680543232,2023-01-23 02:46:20+00:00,VAAAAAAAAAAI TAAAAAADEEEEEEUUUU COME ELE TOOOODOOO,442,40
182,1617352827269165057,2023-01-23 02:45:37+00:00,HABLA TADEU!!!!!,352,11
183,1617314235687518209,2023-01-23 00:12:16+00:00,EXATAMENTE! https://t.co/I85ftbbFjN,269,6
184,1617228615229509633,2023-01-22 18:32:03+00:00,"@StrongRoleplay Aquele geras brabo que na prejudica ninguém, é sobre isso 😂",83,0
185,1616473496430809089,2023-01-20 16:31:28+00:00,"Segundo dia seguido fazendo meu almoço e comendo direitinho, estou orgulha sim e vou comemorar ela pequena vitoriazinha sim!",483,5
186,1616171398275207168,2023-01-19 20:31:03+00:00,@c4nts_ @cidadealtarp Vc é brabo Cants! Sucesso nos novos objetivos ❤️,66,0
187,1615700437184970758,2023-01-18 13:19:37+00:00,Esse moço…Quem conta pra ele? https://t.co/O5vUf9z10I,526,16
188,1615678316438069251,2023-01-18 11:51:43+00:00,@felipeneto FELIPE…………………,313,1
189,1615515505908924417,2023-01-18 01:04:46+00:00,@MoonKase Meli e sua bolinha,105,0
190,1615454858454212631,2023-01-17 21:03:46+00:00,Esse BBB foi o supra-sumo do entretenimento brasileiro 😂 https://t.co/euUSV8e65s,706,39
191,1615355947454533632,2023-01-17 14:30:44+00:00,Poderia? Poderia! https://t.co/NzNMGaSER0,185,7
192,1615328644330569728,2023-01-17 12:42:14+00:00,Eu to AMANDO a energia caótica que esse BBB já ta exalando 😂,335,7
193,1615075135400325120,2023-01-16 19:54:53+00:00,E a Twitch vai abrindo espaço pro Youtube engolir eles com as lives… o próprio Facebook tbm vai ficar bem mais atrativo,1214,9
194,1614117460076101632,2023-01-14 04:29:25+00:00,"Deu tdo certo, conseguiram sair no preju!

Meu estorno: ✅
Do restaurante: ✅
Motoboy comendo um sushi no carinho: ✅
Sigo com fome: ✅ https://t.co/wvnSR3efOv",242,1
195,1614115238986620929,2023-01-14 04:20:36+00:00,E eu to com fome 😂😂😂,189,2
196,1614113802974273536,2023-01-14 04:14:54+00:00,"Ou seja, o entregador ganhou um sushi feito no carinho e o restaurante toma preju! https://t.co/ROfkZWZ1c2",276,0
197,1614113058330218497,2023-01-14 04:11:56+00:00,"Os caras produzem o pedido, cancela por um role que n é culpa deles, sei la o que o motoboy fez, e perdem a grana! Que absurdo! O app devia arcar com isso! https://t.co/kAltuXeapS",286,0
